#TYPE System.Diagnostics.Eventing.Reader.EventLogRecord
"Message","Id","Version","Qualifiers","Level","Task","Opcode","Keywords","RecordId","ProviderName","ProviderId","LogName","ProcessId","ThreadId","MachineName","UserId","TimeCreated","ActivityId","RelatedActivityId","ContainerLog","MatchedQueryIds","Bookmark","LevelDisplayName","OpcodeDisplayName","TaskDisplayName","KeywordsDisplayNames","Properties"
"ScDeviceEnum service started.","103","0",,"4","0","0","-9223372036854775808","138","Microsoft-Windows-SmartCard-DeviceEnum","aaeac398-3028-487c-9586-44eacad03637","Microsoft-Windows-SmartCard-DeviceEnum/Operational","964","7200","HyperV-SRQI4B.rubrik-lab.com","S-1-5-18","10/13/2023 12:12:30 AM",,,"c:\windows\system32\winevt\logs\microsoft-windows-smartcard-deviceenum%4operational.evtx","System.UInt32[]","System.Diagnostics.Eventing.Reader.EventBookmark","Information","Info",,"System.Collections.ObjectModel.ReadOnlyCollection`1[System.String]","System.Collections.Generic.List`1[System.Diagnostics.Eventing.Reader.EventProperty]"
"Created node SWD\ScDeviceEnumBus\1 on session 0.","101","0",,"4","0","0","-9223372036854775808","137","Microsoft-Windows-SmartCard-DeviceEnum","aaeac398-3028-487c-9586-44eacad03637","Microsoft-Windows-SmartCard-DeviceEnum/Operational","964","1156","HyperV-SRQI4B.rubrik-lab.com","S-1-5-18","10/13/2023 12:12:30 AM",,,"c:\windows\system32\winevt\logs\microsoft-windows-smartcard-deviceenum%4operational.evtx","System.UInt32[]","System.Diagnostics.Eventing.Reader.EventBookmark","Information","Info",,"System.Collections.ObjectModel.ReadOnlyCollection`1[System.String]","System.Collections.Generic.List`1[System.Diagnostics.Eventing.Reader.EventProperty]"
"Created node SWD\ScDeviceEnumBus\0 on session 0.","101","0",,"4","0","0","-9223372036854775808","136","Microsoft-Windows-SmartCard-DeviceEnum","aaeac398-3028-487c-9586-44eacad03637","Microsoft-Windows-SmartCard-DeviceEnum/Operational","964","1156","HyperV-SRQI4B.rubrik-lab.com","S-1-5-18","10/13/2023 12:12:30 AM",,,"c:\windows\system32\winevt\logs\microsoft-windows-smartcard-deviceenum%4operational.evtx","System.UInt32[]","System.Diagnostics.Eventing.Reader.EventBookmark","Information","Info",,"System.Collections.ObjectModel.ReadOnlyCollection`1[System.String]","System.Collections.Generic.List`1[System.Diagnostics.Eventing.Reader.EventProperty]"
"ScDeviceEnum service stopped.","104","0",,"4","0","0","-9223372036854775808","135","Microsoft-Windows-SmartCard-DeviceEnum","aaeac398-3028-487c-9586-44eacad03637","Microsoft-Windows-SmartCard-DeviceEnum/Operational","964","1156","HyperV-SRQI4B.rubrik-lab.com","S-1-5-18","10/12/2023 10:49:08 AM",,,"c:\windows\system32\winevt\logs\microsoft-windows-smartcard-deviceenum%4operational.evtx","System.UInt32[]","System.Diagnostics.Eventing.Reader.EventBookmark","Information","Info",,"System.Collections.ObjectModel.ReadOnlyCollection`1[System.String]","System.Collections.Generic.List`1[System.Diagnostics.Eventing.Reader.EventProperty]"
"ScDeviceEnum service started.","103","0",,"4","0","0","-9223372036854775808","134","Microsoft-Windows-SmartCard-DeviceEnum","aaeac398-3028-487c-9586-44eacad03637","Microsoft-Windows-SmartCard-DeviceEnum/Operational","964","8036","HyperV-SRQI4B.rubrik-lab.com","S-1-5-18","10/12/2023 9:08:15 AM",,,"c:\windows\system32\winevt\logs\microsoft-windows-smartcard-deviceenum%4operational.evtx","System.UInt32[]","System.Diagnostics.Eventing.Reader.EventBookmark","Information","Info",,"System.Collections.ObjectModel.ReadOnlyCollection`1[System.String]","System.Collections.Generic.List`1[System.Diagnostics.Eventing.Reader.EventProperty]"
"Created node SWD\ScDeviceEnumBus\1 on session 0.","101","0",,"4","0","0","-9223372036854775808","133","Microsoft-Windows-SmartCard-DeviceEnum","aaeac398-3028-487c-9586-44eacad03637","Microsoft-Windows-SmartCard-DeviceEnum/Operational","964","1156","HyperV-SRQI4B.rubrik-lab.com","S-1-5-18","10/12/2023 9:08:15 AM",,,"c:\windows\system32\winevt\logs\microsoft-windows-smartcard-deviceenum%4operational.evtx","System.UInt32[]","System.Diagnostics.Eventing.Reader.EventBookmark","Information","Info",,"System.Collections.ObjectModel.ReadOnlyCollection`1[System.String]","System.Collections.Generic.List`1[System.Diagnostics.Eventing.Reader.EventProperty]"
"Created node SWD\ScDeviceEnumBus\0 on session 0.","101","0",,"4","0","0","-9223372036854775808","132","Microsoft-Windows-SmartCard-DeviceEnum","aaeac398-3028-487c-9586-44eacad03637","Microsoft-Windows-SmartCard-DeviceEnum/Operational","964","1156","HyperV-SRQI4B.rubrik-lab.com","S-1-5-18","10/12/2023 9:08:15 AM",,,"c:\windows\system32\winevt\logs\microsoft-windows-smartcard-deviceenum%4operational.evtx","System.UInt32[]","System.Diagnostics.Eventing.Reader.EventBookmark","Information","Info",,"System.Collections.ObjectModel.ReadOnlyCollection`1[System.String]","System.Collections.Generic.List`1[System.Diagnostics.Eventing.Reader.EventProperty]"
"ScDeviceEnum service stopped.","104","0",,"4","0","0","-9223372036854775808","131","Microsoft-Windows-SmartCard-DeviceEnum","aaeac398-3028-487c-9586-44eacad03637","Microsoft-Windows-SmartCard-DeviceEnum/Operational","964","3452","HyperV-SRQI4B.rubrik-lab.com","S-1-5-18","10/12/2023 5:01:20 AM",,,"c:\windows\system32\winevt\logs\microsoft-windows-smartcard-deviceenum%4operational.evtx","System.UInt32[]","System.Diagnostics.Eventing.Reader.EventBookmark","Information","Info",,"System.Collections.ObjectModel.ReadOnlyCollection`1[System.String]","System.Collections.Generic.List`1[System.Diagnostics.Eventing.Reader.EventProperty]"
"ScDeviceEnum service started.","103","0",,"4","0","0","-9223372036854775808","130","Microsoft-Windows-SmartCard-DeviceEnum","aaeac398-3028-487c-9586-44eacad03637","Microsoft-Windows-SmartCard-DeviceEnum/Operational","964","6516","HyperV-SRQI4B.rubrik-lab.com","S-1-5-18","10/12/2023 3:12:39 AM",,,"c:\windows\system32\winevt\logs\microsoft-windows-smartcard-deviceenum%4operational.evtx","System.UInt32[]","System.Diagnostics.Eventing.Reader.EventBookmark","Information","Info",,"System.Collections.ObjectModel.ReadOnlyCollection`1[System.String]","System.Collections.Generic.List`1[System.Diagnostics.Eventing.Reader.EventProperty]"
"Created node SWD\ScDeviceEnumBus\0 on session 0.","101","0",,"4","0","0","-9223372036854775808","129","Microsoft-Windows-SmartCard-DeviceEnum","aaeac398-3028-487c-9586-44eacad03637","Microsoft-Windows-SmartCard-DeviceEnum/Operational","964","1156","HyperV-SRQI4B.rubrik-lab.com","S-1-5-18","10/12/2023 3:12:39 AM",,,"c:\windows\system32\winevt\logs\microsoft-windows-smartcard-deviceenum%4operational.evtx","System.UInt32[]","System.Diagnostics.Eventing.Reader.EventBookmark","Information","Info",,"System.Collections.ObjectModel.ReadOnlyCollection`1[System.String]","System.Collections.Generic.List`1[System.Diagnostics.Eventing.Reader.EventProperty]"
"Created node SWD\ScDeviceEnumBus\1 on session 0.","101","0",,"4","0","0","-9223372036854775808","128","Microsoft-Windows-SmartCard-DeviceEnum","aaeac398-3028-487c-9586-44eacad03637","Microsoft-Windows-SmartCard-DeviceEnum/Operational","964","4572","HyperV-SRQI4B.rubrik-lab.com","S-1-5-18","10/12/2023 3:12:39 AM",,,"c:\windows\system32\winevt\logs\microsoft-windows-smartcard-deviceenum%4operational.evtx","System.UInt32[]","System.Diagnostics.Eventing.Reader.EventBookmark","Information","Info",,"System.Collections.ObjectModel.ReadOnlyCollection`1[System.String]","System.Collections.Generic.List`1[System.Diagnostics.Eventing.Reader.EventProperty]"
"ScDeviceEnum service stopped.","104","0",,"4","0","0","-9223372036854775808","127","Microsoft-Windows-SmartCard-DeviceEnum","aaeac398-3028-487c-9586-44eacad03637","Microsoft-Windows-SmartCard-DeviceEnum/Operational","964","7620","HyperV-SRQI4B.rubrik-lab.com","S-1-5-18","10/12/2023 12:50:16 AM",,,"c:\windows\system32\winevt\logs\microsoft-windows-smartcard-deviceenum%4operational.evtx","System.UInt32[]","System.Diagnostics.Eventing.Reader.EventBookmark","Information","Info",,"System.Collections.ObjectModel.ReadOnlyCollection`1[System.String]","System.Collections.Generic.List`1[System.Diagnostics.Eventing.Reader.EventProperty]"
"ScDeviceEnum service started.","103","0",,"4","0","0","-9223372036854775808","126","Microsoft-Windows-SmartCard-DeviceEnum","aaeac398-3028-487c-9586-44eacad03637","Microsoft-Windows-SmartCard-DeviceEnum/Operational","964","3088","HyperV-SRQI4B.rubrik-lab.com","S-1-5-18","10/11/2023 11:34:16 PM",,,"c:\windows\system32\winevt\logs\microsoft-windows-smartcard-deviceenum%4operational.evtx","System.UInt32[]","System.Diagnostics.Eventing.Reader.EventBookmark","Information","Info",,"System.Collections.ObjectModel.ReadOnlyCollection`1[System.String]","System.Collections.Generic.List`1[System.Diagnostics.Eventing.Reader.EventProperty]"
"Created node SWD\ScDeviceEnumBus\1 on session 0.","101","0",,"4","0","0","-9223372036854775808","125","Microsoft-Windows-SmartCard-DeviceEnum","aaeac398-3028-487c-9586-44eacad03637","Microsoft-Windows-SmartCard-DeviceEnum/Operational","964","7528","HyperV-SRQI4B.rubrik-lab.com","S-1-5-18","10/11/2023 11:34:16 PM",,,"c:\windows\system32\winevt\logs\microsoft-windows-smartcard-deviceenum%4operational.evtx","System.UInt32[]","System.Diagnostics.Eventing.Reader.EventBookmark","Information","Info",,"System.Collections.ObjectModel.ReadOnlyCollection`1[System.String]","System.Collections.Generic.List`1[System.Diagnostics.Eventing.Reader.EventProperty]"
"Created node SWD\ScDeviceEnumBus\0 on session 0.","101","0",,"4","0","0","-9223372036854775808","124","Microsoft-Windows-SmartCard-DeviceEnum","aaeac398-3028-487c-9586-44eacad03637","Microsoft-Windows-SmartCard-DeviceEnum/Operational","964","1156","HyperV-SRQI4B.rubrik-lab.com","S-1-5-18","10/11/2023 11:34:16 PM",,,"c:\windows\system32\winevt\logs\microsoft-windows-smartcard-deviceenum%4operational.evtx","System.UInt32[]","System.Diagnostics.Eventing.Reader.EventBookmark","Information","Info",,"System.Collections.ObjectModel.ReadOnlyCollection`1[System.String]","System.Collections.Generic.List`1[System.Diagnostics.Eventing.Reader.EventProperty]"
"ScDeviceEnum service stopped.","104","0",,"4","0","0","-9223372036854775808","123","Microsoft-Windows-SmartCard-DeviceEnum","aaeac398-3028-487c-9586-44eacad03637","Microsoft-Windows-SmartCard-DeviceEnum/Operational","964","6240","HyperV-SRQI4B.rubrik-lab.com","S-1-5-18","10/11/2023 11:05:14 PM",,,"c:\windows\system32\winevt\logs\microsoft-windows-smartcard-deviceenum%4operational.evtx","System.UInt32[]","System.Diagnostics.Eventing.Reader.EventBookmark","Information","Info",,"System.Collections.ObjectModel.ReadOnlyCollection`1[System.String]","System.Collections.Generic.List`1[System.Diagnostics.Eventing.Reader.EventProperty]"
"ScDeviceEnum service started.","103","0",,"4","0","0","-9223372036854775808","122","Microsoft-Windows-SmartCard-DeviceEnum","aaeac398-3028-487c-9586-44eacad03637","Microsoft-Windows-SmartCard-DeviceEnum/Operational","964","7740","HyperV-SRQI4B.rubrik-lab.com","S-1-5-18","10/11/2023 10:40:34 PM",,,"c:\windows\system32\winevt\logs\microsoft-windows-smartcard-deviceenum%4operational.evtx","System.UInt32[]","System.Diagnostics.Eventing.Reader.EventBookmark","Information","Info",,"System.Collections.ObjectModel.ReadOnlyCollection`1[System.String]","System.Collections.Generic.List`1[System.Diagnostics.Eventing.Reader.EventProperty]"
"Created node SWD\ScDeviceEnumBus\1 on session 0.","101","0",,"4","0","0","-9223372036854775808","121","Microsoft-Windows-SmartCard-DeviceEnum","aaeac398-3028-487c-9586-44eacad03637","Microsoft-Windows-SmartCard-DeviceEnum/Operational","964","6240","HyperV-SRQI4B.rubrik-lab.com","S-1-5-18","10/11/2023 10:40:34 PM",,,"c:\windows\system32\winevt\logs\microsoft-windows-smartcard-deviceenum%4operational.evtx","System.UInt32[]","System.Diagnostics.Eventing.Reader.EventBookmark","Information","Info",,"System.Collections.ObjectModel.ReadOnlyCollection`1[System.String]","System.Collections.Generic.List`1[System.Diagnostics.Eventing.Reader.EventProperty]"
"Created node SWD\ScDeviceEnumBus\0 on session 0.","101","0",,"4","0","0","-9223372036854775808","120","Microsoft-Windows-SmartCard-DeviceEnum","aaeac398-3028-487c-9586-44eacad03637","Microsoft-Windows-SmartCard-DeviceEnum/Operational","964","7540","HyperV-SRQI4B.rubrik-lab.com","S-1-5-18","10/11/2023 10:40:34 PM",,,"c:\windows\system32\winevt\logs\microsoft-windows-smartcard-deviceenum%4operational.evtx","System.UInt32[]","System.Diagnostics.Eventing.Reader.EventBookmark","Information","Info",,"System.Collections.ObjectModel.ReadOnlyCollection`1[System.String]","System.Collections.Generic.List`1[System.Diagnostics.Eventing.Reader.EventProperty]"
"ScDeviceEnum service stopped.","104","0",,"4","0","0","-9223372036854775808","119","Microsoft-Windows-SmartCard-DeviceEnum","aaeac398-3028-487c-9586-44eacad03637","Microsoft-Windows-SmartCard-DeviceEnum/Operational","964","6240","HyperV-SRQI4B.rubrik-lab.com","S-1-5-18","10/11/2023 10:37:19 PM",,,"c:\windows\system32\winevt\logs\microsoft-windows-smartcard-deviceenum%4operational.evtx","System.UInt32[]","System.Diagnostics.Eventing.Reader.EventBookmark","Information","Info",,"System.Collections.ObjectModel.ReadOnlyCollection`1[System.String]","System.Collections.Generic.List`1[System.Diagnostics.Eventing.Reader.EventProperty]"
"ScDeviceEnum service started.","103","0",,"4","0","0","-9223372036854775808","118","Microsoft-Windows-SmartCard-DeviceEnum","aaeac398-3028-487c-9586-44eacad03637","Microsoft-Windows-SmartCard-DeviceEnum/Operational","964","6772","HyperV-SRQI4B.rubrik-lab.com","S-1-5-18","10/11/2023 9:53:35 PM",,,"c:\windows\system32\winevt\logs\microsoft-windows-smartcard-deviceenum%4operational.evtx","System.UInt32[]","System.Diagnostics.Eventing.Reader.EventBookmark","Information","Info",,"System.Collections.ObjectModel.ReadOnlyCollection`1[System.String]","System.Collections.Generic.List`1[System.Diagnostics.Eventing.Reader.EventProperty]"
"Created node SWD\ScDeviceEnumBus\1 on session 0.","101","0",,"4","0","0","-9223372036854775808","117","Microsoft-Windows-SmartCard-DeviceEnum","aaeac398-3028-487c-9586-44eacad03637","Microsoft-Windows-SmartCard-DeviceEnum/Operational","964","1156","HyperV-SRQI4B.rubrik-lab.com","S-1-5-18","10/11/2023 9:53:35 PM",,,"c:\windows\system32\winevt\logs\microsoft-windows-smartcard-deviceenum%4operational.evtx","System.UInt32[]","System.Diagnostics.Eventing.Reader.EventBookmark","Information","Info",,"System.Collections.ObjectModel.ReadOnlyCollection`1[System.String]","System.Collections.Generic.List`1[System.Diagnostics.Eventing.Reader.EventProperty]"
"Created node SWD\ScDeviceEnumBus\0 on session 0.","101","0",,"4","0","0","-9223372036854775808","116","Microsoft-Windows-SmartCard-DeviceEnum","aaeac398-3028-487c-9586-44eacad03637","Microsoft-Windows-SmartCard-DeviceEnum/Operational","964","1156","HyperV-SRQI4B.rubrik-lab.com","S-1-5-18","10/11/2023 9:53:35 PM",,,"c:\windows\system32\winevt\logs\microsoft-windows-smartcard-deviceenum%4operational.evtx","System.UInt32[]","System.Diagnostics.Eventing.Reader.EventBookmark","Information","Info",,"System.Collections.ObjectModel.ReadOnlyCollection`1[System.String]","System.Collections.Generic.List`1[System.Diagnostics.Eventing.Reader.EventProperty]"
"ScDeviceEnum service stopped.","104","0",,"4","0","0","-9223372036854775808","115","Microsoft-Windows-SmartCard-DeviceEnum","aaeac398-3028-487c-9586-44eacad03637","Microsoft-Windows-SmartCard-DeviceEnum/Operational","964","7456","HyperV-SRQI4B.rubrik-lab.com","S-1-5-18","10/11/2023 8:35:37 AM",,,"c:\windows\system32\winevt\logs\microsoft-windows-smartcard-deviceenum%4operational.evtx","System.UInt32[]","System.Diagnostics.Eventing.Reader.EventBookmark","Information","Info",,"System.Collections.ObjectModel.ReadOnlyCollection`1[System.String]","System.Collections.Generic.List`1[System.Diagnostics.Eventing.Reader.EventProperty]"
"ScDeviceEnum service started.","103","0",,"4","0","0","-9223372036854775808","114","Microsoft-Windows-SmartCard-DeviceEnum","aaeac398-3028-487c-9586-44eacad03637","Microsoft-Windows-SmartCard-DeviceEnum/Operational","964","7524","HyperV-SRQI4B.rubrik-lab.com","S-1-5-18","10/11/2023 5:31:01 AM",,,"c:\windows\system32\winevt\logs\microsoft-windows-smartcard-deviceenum%4operational.evtx","System.UInt32[]","System.Diagnostics.Eventing.Reader.EventBookmark","Information","Info",,"System.Collections.ObjectModel.ReadOnlyCollection`1[System.String]","System.Collections.Generic.List`1[System.Diagnostics.Eventing.Reader.EventProperty]"
"Created node SWD\ScDeviceEnumBus\0 on session 0.","101","0",,"4","0","0","-9223372036854775808","113","Microsoft-Windows-SmartCard-DeviceEnum","aaeac398-3028-487c-9586-44eacad03637","Microsoft-Windows-SmartCard-DeviceEnum/Operational","964","1156","HyperV-SRQI4B.rubrik-lab.com","S-1-5-18","10/11/2023 5:31:01 AM",,,"c:\windows\system32\winevt\logs\microsoft-windows-smartcard-deviceenum%4operational.evtx","System.UInt32[]","System.Diagnostics.Eventing.Reader.EventBookmark","Information","Info",,"System.Collections.ObjectModel.ReadOnlyCollection`1[System.String]","System.Collections.Generic.List`1[System.Diagnostics.Eventing.Reader.EventProperty]"
"Created node SWD\ScDeviceEnumBus\1 on session 0.","101","0",,"4","0","0","-9223372036854775808","112","Microsoft-Windows-SmartCard-DeviceEnum","aaeac398-3028-487c-9586-44eacad03637","Microsoft-Windows-SmartCard-DeviceEnum/Operational","964","7032","HyperV-SRQI4B.rubrik-lab.com","S-1-5-18","10/11/2023 5:31:01 AM",,,"c:\windows\system32\winevt\logs\microsoft-windows-smartcard-deviceenum%4operational.evtx","System.UInt32[]","System.Diagnostics.Eventing.Reader.EventBookmark","Information","Info",,"System.Collections.ObjectModel.ReadOnlyCollection`1[System.String]","System.Collections.Generic.List`1[System.Diagnostics.Eventing.Reader.EventProperty]"
"ScDeviceEnum service stopped.","104","0",,"4","0","0","-9223372036854775808","111","Microsoft-Windows-SmartCard-DeviceEnum","aaeac398-3028-487c-9586-44eacad03637","Microsoft-Windows-SmartCard-DeviceEnum/Operational","964","4308","HyperV-SRQI4B.rubrik-lab.com","S-1-5-18","10/11/2023 4:35:29 AM",,,"c:\windows\system32\winevt\logs\microsoft-windows-smartcard-deviceenum%4operational.evtx","System.UInt32[]","System.Diagnostics.Eventing.Reader.EventBookmark","Information","Info",,"System.Collections.ObjectModel.ReadOnlyCollection`1[System.String]","System.Collections.Generic.List`1[System.Diagnostics.Eventing.Reader.EventProperty]"
"ScDeviceEnum service started.","103","0",,"4","0","0","-9223372036854775808","110","Microsoft-Windows-SmartCard-DeviceEnum","aaeac398-3028-487c-9586-44eacad03637","Microsoft-Windows-SmartCard-DeviceEnum/Operational","964","352","HyperV-SRQI4B.rubrik-lab.com","S-1-5-18","10/10/2023 10:53:36 PM",,,"c:\windows\system32\winevt\logs\microsoft-windows-smartcard-deviceenum%4operational.evtx","System.UInt32[]","System.Diagnostics.Eventing.Reader.EventBookmark","Information","Info",,"System.Collections.ObjectModel.ReadOnlyCollection`1[System.String]","System.Collections.Generic.List`1[System.Diagnostics.Eventing.Reader.EventProperty]"
"Created node SWD\ScDeviceEnumBus\1 on session 0.","101","0",,"4","0","0","-9223372036854775808","109","Microsoft-Windows-SmartCard-DeviceEnum","aaeac398-3028-487c-9586-44eacad03637","Microsoft-Windows-SmartCard-DeviceEnum/Operational","964","1156","HyperV-SRQI4B.rubrik-lab.com","S-1-5-18","10/10/2023 10:53:36 PM",,,"c:\windows\system32\winevt\logs\microsoft-windows-smartcard-deviceenum%4operational.evtx","System.UInt32[]","System.Diagnostics.Eventing.Reader.EventBookmark","Information","Info",,"System.Collections.ObjectModel.ReadOnlyCollection`1[System.String]","System.Collections.Generic.List`1[System.Diagnostics.Eventing.Reader.EventProperty]"
"Created node SWD\ScDeviceEnumBus\0 on session 0.","101","0",,"4","0","0","-9223372036854775808","108","Microsoft-Windows-SmartCard-DeviceEnum","aaeac398-3028-487c-9586-44eacad03637","Microsoft-Windows-SmartCard-DeviceEnum/Operational","964","3540","HyperV-SRQI4B.rubrik-lab.com","S-1-5-18","10/10/2023 10:53:36 PM",,,"c:\windows\system32\winevt\logs\microsoft-windows-smartcard-deviceenum%4operational.evtx","System.UInt32[]","System.Diagnostics.Eventing.Reader.EventBookmark","Information","Info",,"System.Collections.ObjectModel.ReadOnlyCollection`1[System.String]","System.Collections.Generic.List`1[System.Diagnostics.Eventing.Reader.EventProperty]"
"ScDeviceEnum service stopped.","104","0",,"4","0","0","-9223372036854775808","107","Microsoft-Windows-SmartCard-DeviceEnum","aaeac398-3028-487c-9586-44eacad03637","Microsoft-Windows-SmartCard-DeviceEnum/Operational","964","2744","HyperV-SRQI4B.rubrik-lab.com","S-1-5-18","10/10/2023 9:59:59 AM",,,"c:\windows\system32\winevt\logs\microsoft-windows-smartcard-deviceenum%4operational.evtx","System.UInt32[]","System.Diagnostics.Eventing.Reader.EventBookmark","Information","Info",,"System.Collections.ObjectModel.ReadOnlyCollection`1[System.String]","System.Collections.Generic.List`1[System.Diagnostics.Eventing.Reader.EventProperty]"
"ScDeviceEnum service started.","103","0",,"4","0","0","-9223372036854775808","106","Microsoft-Windows-SmartCard-DeviceEnum","aaeac398-3028-487c-9586-44eacad03637","Microsoft-Windows-SmartCard-DeviceEnum/Operational","964","4400","HyperV-SRQI4B.rubrik-lab.com","S-1-5-18","10/10/2023 9:43:59 AM",,,"c:\windows\system32\winevt\logs\microsoft-windows-smartcard-deviceenum%4operational.evtx","System.UInt32[]","System.Diagnostics.Eventing.Reader.EventBookmark","Information","Info",,"System.Collections.ObjectModel.ReadOnlyCollection`1[System.String]","System.Collections.Generic.List`1[System.Diagnostics.Eventing.Reader.EventProperty]"
"Created node SWD\ScDeviceEnumBus\1 on session 0.","101","0",,"4","0","0","-9223372036854775808","105","Microsoft-Windows-SmartCard-DeviceEnum","aaeac398-3028-487c-9586-44eacad03637","Microsoft-Windows-SmartCard-DeviceEnum/Operational","964","2744","HyperV-SRQI4B.rubrik-lab.com","S-1-5-18","10/10/2023 9:43:59 AM",,,"c:\windows\system32\winevt\logs\microsoft-windows-smartcard-deviceenum%4operational.evtx","System.UInt32[]","System.Diagnostics.Eventing.Reader.EventBookmark","Information","Info",,"System.Collections.ObjectModel.ReadOnlyCollection`1[System.String]","System.Collections.Generic.List`1[System.Diagnostics.Eventing.Reader.EventProperty]"
"Created node SWD\ScDeviceEnumBus\0 on session 0.","101","0",,"4","0","0","-9223372036854775808","104","Microsoft-Windows-SmartCard-DeviceEnum","aaeac398-3028-487c-9586-44eacad03637","Microsoft-Windows-SmartCard-DeviceEnum/Operational","964","2744","HyperV-SRQI4B.rubrik-lab.com","S-1-5-18","10/10/2023 9:43:59 AM",,,"c:\windows\system32\winevt\logs\microsoft-windows-smartcard-deviceenum%4operational.evtx","System.UInt32[]","System.Diagnostics.Eventing.Reader.EventBookmark","Information","Info",,"System.Collections.ObjectModel.ReadOnlyCollection`1[System.String]","System.Collections.Generic.List`1[System.Diagnostics.Eventing.Reader.EventProperty]"
"ScDeviceEnum service stopped.","104","0",,"4","0","0","-9223372036854775808","103","Microsoft-Windows-SmartCard-DeviceEnum","aaeac398-3028-487c-9586-44eacad03637","Microsoft-Windows-SmartCard-DeviceEnum/Operational","964","1156","HyperV-SRQI4B.rubrik-lab.com","S-1-5-18","9/25/2023 12:48:08 AM",,,"c:\windows\system32\winevt\logs\microsoft-windows-smartcard-deviceenum%4operational.evtx","System.UInt32[]","System.Diagnostics.Eventing.Reader.EventBookmark","Information","Info",,"System.Collections.ObjectModel.ReadOnlyCollection`1[System.String]","System.Collections.Generic.List`1[System.Diagnostics.Eventing.Reader.EventProperty]"
"ScDeviceEnum service started.","103","0",,"4","0","0","-9223372036854775808","102","Microsoft-Windows-SmartCard-DeviceEnum","aaeac398-3028-487c-9586-44eacad03637","Microsoft-Windows-SmartCard-DeviceEnum/Operational","964","2476","HyperV-SRQI4B.rubrik-lab.com","S-1-5-18","9/24/2023 9:14:39 PM",,,"c:\windows\system32\winevt\logs\microsoft-windows-smartcard-deviceenum%4operational.evtx","System.UInt32[]","System.Diagnostics.Eventing.Reader.EventBookmark","Information","Info",,"System.Collections.ObjectModel.ReadOnlyCollection`1[System.String]","System.Collections.Generic.List`1[System.Diagnostics.Eventing.Reader.EventProperty]"
"Created node SWD\ScDeviceEnumBus\1 on session 0.","101","0",,"4","0","0","-9223372036854775808","101","Microsoft-Windows-SmartCard-DeviceEnum","aaeac398-3028-487c-9586-44eacad03637","Microsoft-Windows-SmartCard-DeviceEnum/Operational","964","804","HyperV-SRQI4B.rubrik-lab.com","S-1-5-18","9/24/2023 9:14:39 PM",,,"c:\windows\system32\winevt\logs\microsoft-windows-smartcard-deviceenum%4operational.evtx","System.UInt32[]","System.Diagnostics.Eventing.Reader.EventBookmark","Information","Info",,"System.Collections.ObjectModel.ReadOnlyCollection`1[System.String]","System.Collections.Generic.List`1[System.Diagnostics.Eventing.Reader.EventProperty]"
"Created node SWD\ScDeviceEnumBus\0 on session 0.","101","0",,"4","0","0","-9223372036854775808","100","Microsoft-Windows-SmartCard-DeviceEnum","aaeac398-3028-487c-9586-44eacad03637","Microsoft-Windows-SmartCard-DeviceEnum/Operational","964","1156","HyperV-SRQI4B.rubrik-lab.com","S-1-5-18","9/24/2023 9:14:39 PM",,,"c:\windows\system32\winevt\logs\microsoft-windows-smartcard-deviceenum%4operational.evtx","System.UInt32[]","System.Diagnostics.Eventing.Reader.EventBookmark","Information","Info",,"System.Collections.ObjectModel.ReadOnlyCollection`1[System.String]","System.Collections.Generic.List`1[System.Diagnostics.Eventing.Reader.EventProperty]"
"ScDeviceEnum service stopped.","104","0",,"4","0","0","-9223372036854775808","99","Microsoft-Windows-SmartCard-DeviceEnum","aaeac398-3028-487c-9586-44eacad03637","Microsoft-Windows-SmartCard-DeviceEnum/Operational","1032","1152","jkshyperv","S-1-5-18","3/17/2022 10:53:09 AM",,,"c:\windows\system32\winevt\logs\microsoft-windows-smartcard-deviceenum%4operational.evtx","System.UInt32[]","System.Diagnostics.Eventing.Reader.EventBookmark","Information","Info",,"System.Collections.ObjectModel.ReadOnlyCollection`1[System.String]","System.Collections.Generic.List`1[System.Diagnostics.Eventing.Reader.EventProperty]"
"ScDeviceEnum service started.","103","0",,"4","0","0","-9223372036854775808","98","Microsoft-Windows-SmartCard-DeviceEnum","aaeac398-3028-487c-9586-44eacad03637","Microsoft-Windows-SmartCard-DeviceEnum/Operational","1032","3592","jkshyperv","S-1-5-18","3/17/2022 8:21:58 AM",,,"c:\windows\system32\winevt\logs\microsoft-windows-smartcard-deviceenum%4operational.evtx","System.UInt32[]","System.Diagnostics.Eventing.Reader.EventBookmark","Information","Info",,"System.Collections.ObjectModel.ReadOnlyCollection`1[System.String]","System.Collections.Generic.List`1[System.Diagnostics.Eventing.Reader.EventProperty]"
"Created node SWD\ScDeviceEnumBus\1 on session 0.","101","0",,"4","0","0","-9223372036854775808","97","Microsoft-Windows-SmartCard-DeviceEnum","aaeac398-3028-487c-9586-44eacad03637","Microsoft-Windows-SmartCard-DeviceEnum/Operational","1032","1828","jkshyperv","S-1-5-18","3/17/2022 8:21:58 AM",,,"c:\windows\system32\winevt\logs\microsoft-windows-smartcard-deviceenum%4operational.evtx","System.UInt32[]","System.Diagnostics.Eventing.Reader.EventBookmark","Information","Info",,"System.Collections.ObjectModel.ReadOnlyCollection`1[System.String]","System.Collections.Generic.List`1[System.Diagnostics.Eventing.Reader.EventProperty]"
"Created node SWD\ScDeviceEnumBus\0 on session 0.","101","0",,"4","0","0","-9223372036854775808","96","Microsoft-Windows-SmartCard-DeviceEnum","aaeac398-3028-487c-9586-44eacad03637","Microsoft-Windows-SmartCard-DeviceEnum/Operational","1032","1152","jkshyperv","S-1-5-18","3/17/2022 8:21:58 AM",,,"c:\windows\system32\winevt\logs\microsoft-windows-smartcard-deviceenum%4operational.evtx","System.UInt32[]","System.Diagnostics.Eventing.Reader.EventBookmark","Information","Info",,"System.Collections.ObjectModel.ReadOnlyCollection`1[System.String]","System.Collections.Generic.List`1[System.Diagnostics.Eventing.Reader.EventProperty]"
"ScDeviceEnum service started.","103","0",,"4","0","0","-9223372036854775808","95","Microsoft-Windows-SmartCard-DeviceEnum","aaeac398-3028-487c-9586-44eacad03637","Microsoft-Windows-SmartCard-DeviceEnum/Operational","1008","3900","jkshyperv","S-1-5-18","3/17/2022 8:15:34 AM",,,"c:\windows\system32\winevt\logs\microsoft-windows-smartcard-deviceenum%4operational.evtx","System.UInt32[]","System.Diagnostics.Eventing.Reader.EventBookmark","Information","Info",,"System.Collections.ObjectModel.ReadOnlyCollection`1[System.String]","System.Collections.Generic.List`1[System.Diagnostics.Eventing.Reader.EventProperty]"
"Created node SWD\ScDeviceEnumBus\1 on session 0.","101","0",,"4","0","0","-9223372036854775808","94","Microsoft-Windows-SmartCard-DeviceEnum","aaeac398-3028-487c-9586-44eacad03637","Microsoft-Windows-SmartCard-DeviceEnum/Operational","1008","1888","jkshyperv","S-1-5-18","3/17/2022 8:15:34 AM",,,"c:\windows\system32\winevt\logs\microsoft-windows-smartcard-deviceenum%4operational.evtx","System.UInt32[]","System.Diagnostics.Eventing.Reader.EventBookmark","Information","Info",,"System.Collections.ObjectModel.ReadOnlyCollection`1[System.String]","System.Collections.Generic.List`1[System.Diagnostics.Eventing.Reader.EventProperty]"
"Created node SWD\ScDeviceEnumBus\0 on session 0.","101","0",,"4","0","0","-9223372036854775808","93","Microsoft-Windows-SmartCard-DeviceEnum","aaeac398-3028-487c-9586-44eacad03637","Microsoft-Windows-SmartCard-DeviceEnum/Operational","1008","1888","jkshyperv","S-1-5-18","3/17/2022 8:15:34 AM",,,"c:\windows\system32\winevt\logs\microsoft-windows-smartcard-deviceenum%4operational.evtx","System.UInt32[]","System.Diagnostics.Eventing.Reader.EventBookmark","Information","Info",,"System.Collections.ObjectModel.ReadOnlyCollection`1[System.String]","System.Collections.Generic.List`1[System.Diagnostics.Eventing.Reader.EventProperty]"
"ScDeviceEnum service started.","103","0",,"4","0","0","-9223372036854775808","92","Microsoft-Windows-SmartCard-DeviceEnum","aaeac398-3028-487c-9586-44eacad03637","Microsoft-Windows-SmartCard-DeviceEnum/Operational","564","2520","jkshyperv","S-1-5-18","3/17/2022 8:12:25 AM",,,"c:\windows\system32\winevt\logs\microsoft-windows-smartcard-deviceenum%4operational.evtx","System.UInt32[]","System.Diagnostics.Eventing.Reader.EventBookmark","Information","Info",,"System.Collections.ObjectModel.ReadOnlyCollection`1[System.String]","System.Collections.Generic.List`1[System.Diagnostics.Eventing.Reader.EventProperty]"
"Created node SWD\ScDeviceEnumBus\0 on session 0.","101","0",,"4","0","0","-9223372036854775808","91","Microsoft-Windows-SmartCard-DeviceEnum","aaeac398-3028-487c-9586-44eacad03637","Microsoft-Windows-SmartCard-DeviceEnum/Operational","564","1632","jkshyperv","S-1-5-18","3/17/2022 8:12:25 AM",,,"c:\windows\system32\winevt\logs\microsoft-windows-smartcard-deviceenum%4operational.evtx","System.UInt32[]","System.Diagnostics.Eventing.Reader.EventBookmark","Information","Info",,"System.Collections.ObjectModel.ReadOnlyCollection`1[System.String]","System.Collections.Generic.List`1[System.Diagnostics.Eventing.Reader.EventProperty]"
"Created node SWD\ScDeviceEnumBus\1 on session 0.","101","0",,"4","0","0","-9223372036854775808","90","Microsoft-Windows-SmartCard-DeviceEnum","aaeac398-3028-487c-9586-44eacad03637","Microsoft-Windows-SmartCard-DeviceEnum/Operational","564","1828","jkshyperv","S-1-5-18","3/17/2022 8:12:25 AM",,,"c:\windows\system32\winevt\logs\microsoft-windows-smartcard-deviceenum%4operational.evtx","System.UInt32[]","System.Diagnostics.Eventing.Reader.EventBookmark","Information","Info",,"System.Collections.ObjectModel.ReadOnlyCollection`1[System.String]","System.Collections.Generic.List`1[System.Diagnostics.Eventing.Reader.EventProperty]"
"ScDeviceEnum service started.","103","0",,"4","0","0","-9223372036854775808","89","Microsoft-Windows-SmartCard-DeviceEnum","aaeac398-3028-487c-9586-44eacad03637","Microsoft-Windows-SmartCard-DeviceEnum/Operational","536","4344","jkshyperv","S-1-5-18","6/15/2020 11:54:55 PM",,,"c:\windows\system32\winevt\logs\microsoft-windows-smartcard-deviceenum%4operational.evtx","System.UInt32[]","System.Diagnostics.Eventing.Reader.EventBookmark","Information","Info",,"System.Collections.ObjectModel.ReadOnlyCollection`1[System.String]","System.Collections.Generic.List`1[System.Diagnostics.Eventing.Reader.EventProperty]"
"Created node SWD\ScDeviceEnumBus\1 on session 0.","101","0",,"4","0","0","-9223372036854775808","88","Microsoft-Windows-SmartCard-DeviceEnum","aaeac398-3028-487c-9586-44eacad03637","Microsoft-Windows-SmartCard-DeviceEnum/Operational","536","1052","jkshyperv","S-1-5-18","6/15/2020 11:54:55 PM",,,"c:\windows\system32\winevt\logs\microsoft-windows-smartcard-deviceenum%4operational.evtx","System.UInt32[]","System.Diagnostics.Eventing.Reader.EventBookmark","Information","Info",,"System.Collections.ObjectModel.ReadOnlyCollection`1[System.String]","System.Collections.Generic.List`1[System.Diagnostics.Eventing.Reader.EventProperty]"
"Created node SWD\ScDeviceEnumBus\0 on session 0.","101","0",,"4","0","0","-9223372036854775808","87","Microsoft-Windows-SmartCard-DeviceEnum","aaeac398-3028-487c-9586-44eacad03637","Microsoft-Windows-SmartCard-DeviceEnum/Operational","536","4508","jkshyperv","S-1-5-18","6/15/2020 11:54:55 PM",,,"c:\windows\system32\winevt\logs\microsoft-windows-smartcard-deviceenum%4operational.evtx","System.UInt32[]","System.Diagnostics.Eventing.Reader.EventBookmark","Information","Info",,"System.Collections.ObjectModel.ReadOnlyCollection`1[System.String]","System.Collections.Generic.List`1[System.Diagnostics.Eventing.Reader.EventProperty]"
"ScDeviceEnum service started.","103","0",,"4","0","0","-9223372036854775808","86","Microsoft-Windows-SmartCard-DeviceEnum","aaeac398-3028-487c-9586-44eacad03637","Microsoft-Windows-SmartCard-DeviceEnum/Operational","860","3516","jkshyperv","S-1-5-18","6/15/2020 8:22:33 PM",,,"c:\windows\system32\winevt\logs\microsoft-windows-smartcard-deviceenum%4operational.evtx","System.UInt32[]","System.Diagnostics.Eventing.Reader.EventBookmark","Information","Info",,"System.Collections.ObjectModel.ReadOnlyCollection`1[System.String]","System.Collections.Generic.List`1[System.Diagnostics.Eventing.Reader.EventProperty]"
"Created node SWD\ScDeviceEnumBus\0 on session 0.","101","0",,"4","0","0","-9223372036854775808","85","Microsoft-Windows-SmartCard-DeviceEnum","aaeac398-3028-487c-9586-44eacad03637","Microsoft-Windows-SmartCard-DeviceEnum/Operational","860","1132","jkshyperv","S-1-5-18","6/15/2020 8:22:33 PM",,,"c:\windows\system32\winevt\logs\microsoft-windows-smartcard-deviceenum%4operational.evtx","System.UInt32[]","System.Diagnostics.Eventing.Reader.EventBookmark","Information","Info",,"System.Collections.ObjectModel.ReadOnlyCollection`1[System.String]","System.Collections.Generic.List`1[System.Diagnostics.Eventing.Reader.EventProperty]"
"Created node SWD\ScDeviceEnumBus\1 on session 0.","101","0",,"4","0","0","-9223372036854775808","84","Microsoft-Windows-SmartCard-DeviceEnum","aaeac398-3028-487c-9586-44eacad03637","Microsoft-Windows-SmartCard-DeviceEnum/Operational","860","1164","jkshyperv","S-1-5-18","6/15/2020 8:22:33 PM",,,"c:\windows\system32\winevt\logs\microsoft-windows-smartcard-deviceenum%4operational.evtx","System.UInt32[]","System.Diagnostics.Eventing.Reader.EventBookmark","Information","Info",,"System.Collections.ObjectModel.ReadOnlyCollection`1[System.String]","System.Collections.Generic.List`1[System.Diagnostics.Eventing.Reader.EventProperty]"
"ScDeviceEnum service started.","103","0",,"4","0","0","-9223372036854775808","83","Microsoft-Windows-SmartCard-DeviceEnum","aaeac398-3028-487c-9586-44eacad03637","Microsoft-Windows-SmartCard-DeviceEnum/Operational","796","1900","jkshyperv","S-1-5-18","6/15/2020 8:26:47 PM",,,"c:\windows\system32\winevt\logs\microsoft-windows-smartcard-deviceenum%4operational.evtx","System.UInt32[]","System.Diagnostics.Eventing.Reader.EventBookmark","Information","Info",,"System.Collections.ObjectModel.ReadOnlyCollection`1[System.String]","System.Collections.Generic.List`1[System.Diagnostics.Eventing.Reader.EventProperty]"
"Created node SWD\ScDeviceEnumBus\1 on session 0.","101","0",,"4","0","0","-9223372036854775808","82","Microsoft-Windows-SmartCard-DeviceEnum","aaeac398-3028-487c-9586-44eacad03637","Microsoft-Windows-SmartCard-DeviceEnum/Operational","796","1152","jkshyperv","S-1-5-18","6/15/2020 8:26:47 PM",,,"c:\windows\system32\winevt\logs\microsoft-windows-smartcard-deviceenum%4operational.evtx","System.UInt32[]","System.Diagnostics.Eventing.Reader.EventBookmark","Information","Info",,"System.Collections.ObjectModel.ReadOnlyCollection`1[System.String]","System.Collections.Generic.List`1[System.Diagnostics.Eventing.Reader.EventProperty]"
"Created node SWD\ScDeviceEnumBus\0 on session 0.","101","0",,"4","0","0","-9223372036854775808","81","Microsoft-Windows-SmartCard-DeviceEnum","aaeac398-3028-487c-9586-44eacad03637","Microsoft-Windows-SmartCard-DeviceEnum/Operational","796","2032","jkshyperv","S-1-5-18","6/15/2020 8:26:47 PM",,,"c:\windows\system32\winevt\logs\microsoft-windows-smartcard-deviceenum%4operational.evtx","System.UInt32[]","System.Diagnostics.Eventing.Reader.EventBookmark","Information","Info",,"System.Collections.ObjectModel.ReadOnlyCollection`1[System.String]","System.Collections.Generic.List`1[System.Diagnostics.Eventing.Reader.EventProperty]"
"ScDeviceEnum service started.","103","0",,"4","0","0","-9223372036854775808","80","Microsoft-Windows-SmartCard-DeviceEnum","aaeac398-3028-487c-9586-44eacad03637","Microsoft-Windows-SmartCard-DeviceEnum/Operational","864","2980","jkshyperv","S-1-5-18","6/15/2020 8:16:04 PM",,,"c:\windows\system32\winevt\logs\microsoft-windows-smartcard-deviceenum%4operational.evtx","System.UInt32[]","System.Diagnostics.Eventing.Reader.EventBookmark","Information","Info",,"System.Collections.ObjectModel.ReadOnlyCollection`1[System.String]","System.Collections.Generic.List`1[System.Diagnostics.Eventing.Reader.EventProperty]"
"Created node SWD\ScDeviceEnumBus\1 on session 0.","101","0",,"4","0","0","-9223372036854775808","79","Microsoft-Windows-SmartCard-DeviceEnum","aaeac398-3028-487c-9586-44eacad03637","Microsoft-Windows-SmartCard-DeviceEnum/Operational","864","1128","jkshyperv","S-1-5-18","6/15/2020 8:16:04 PM",,,"c:\windows\system32\winevt\logs\microsoft-windows-smartcard-deviceenum%4operational.evtx","System.UInt32[]","System.Diagnostics.Eventing.Reader.EventBookmark","Information","Info",,"System.Collections.ObjectModel.ReadOnlyCollection`1[System.String]","System.Collections.Generic.List`1[System.Diagnostics.Eventing.Reader.EventProperty]"
"Created node SWD\ScDeviceEnumBus\0 on session 0.","101","0",,"4","0","0","-9223372036854775808","78","Microsoft-Windows-SmartCard-DeviceEnum","aaeac398-3028-487c-9586-44eacad03637","Microsoft-Windows-SmartCard-DeviceEnum/Operational","864","1128","jkshyperv","S-1-5-18","6/15/2020 8:16:04 PM",,,"c:\windows\system32\winevt\logs\microsoft-windows-smartcard-deviceenum%4operational.evtx","System.UInt32[]","System.Diagnostics.Eventing.Reader.EventBookmark","Information","Info",,"System.Collections.ObjectModel.ReadOnlyCollection`1[System.String]","System.Collections.Generic.List`1[System.Diagnostics.Eventing.Reader.EventProperty]"
"ScDeviceEnum service stopped.","104","0",,"4","0","0","-9223372036854775808","77","Microsoft-Windows-SmartCard-DeviceEnum","aaeac398-3028-487c-9586-44eacad03637","Microsoft-Windows-SmartCard-DeviceEnum/Operational","864","1176","jkshyperv","S-1-5-18","6/15/2020 8:05:35 PM",,,"c:\windows\system32\winevt\logs\microsoft-windows-smartcard-deviceenum%4operational.evtx","System.UInt32[]","System.Diagnostics.Eventing.Reader.EventBookmark","Information","Info",,"System.Collections.ObjectModel.ReadOnlyCollection`1[System.String]","System.Collections.Generic.List`1[System.Diagnostics.Eventing.Reader.EventProperty]"
"ScDeviceEnum service started.","103","0",,"4","0","0","-9223372036854775808","76","Microsoft-Windows-SmartCard-DeviceEnum","aaeac398-3028-487c-9586-44eacad03637","Microsoft-Windows-SmartCard-DeviceEnum/Operational","864","2400","jkshyperv","S-1-5-18","6/15/2020 8:04:17 PM",,,"c:\windows\system32\winevt\logs\microsoft-windows-smartcard-deviceenum%4operational.evtx","System.UInt32[]","System.Diagnostics.Eventing.Reader.EventBookmark","Information","Info",,"System.Collections.ObjectModel.ReadOnlyCollection`1[System.String]","System.Collections.Generic.List`1[System.Diagnostics.Eventing.Reader.EventProperty]"
"Created node SWD\ScDeviceEnumBus\1 on session 0.","101","0",,"4","0","0","-9223372036854775808","75","Microsoft-Windows-SmartCard-DeviceEnum","aaeac398-3028-487c-9586-44eacad03637","Microsoft-Windows-SmartCard-DeviceEnum/Operational","864","1136","jkshyperv","S-1-5-18","6/15/2020 8:04:17 PM",,,"c:\windows\system32\winevt\logs\microsoft-windows-smartcard-deviceenum%4operational.evtx","System.UInt32[]","System.Diagnostics.Eventing.Reader.EventBookmark","Information","Info",,"System.Collections.ObjectModel.ReadOnlyCollection`1[System.String]","System.Collections.Generic.List`1[System.Diagnostics.Eventing.Reader.EventProperty]"
"Created node SWD\ScDeviceEnumBus\0 on session 0.","101","0",,"4","0","0","-9223372036854775808","74","Microsoft-Windows-SmartCard-DeviceEnum","aaeac398-3028-487c-9586-44eacad03637","Microsoft-Windows-SmartCard-DeviceEnum/Operational","864","1136","jkshyperv","S-1-5-18","6/15/2020 8:04:17 PM",,,"c:\windows\system32\winevt\logs\microsoft-windows-smartcard-deviceenum%4operational.evtx","System.UInt32[]","System.Diagnostics.Eventing.Reader.EventBookmark","Information","Info",,"System.Collections.ObjectModel.ReadOnlyCollection`1[System.String]","System.Collections.Generic.List`1[System.Diagnostics.Eventing.Reader.EventProperty]"
"ScDeviceEnum service stopped.","104","0",,"4","0","0","-9223372036854775808","73","Microsoft-Windows-SmartCard-DeviceEnum","aaeac398-3028-487c-9586-44eacad03637","Microsoft-Windows-SmartCard-DeviceEnum/Operational","864","1128","jkshyperv","S-1-5-18","6/15/2020 7:51:09 PM",,,"c:\windows\system32\winevt\logs\microsoft-windows-smartcard-deviceenum%4operational.evtx","System.UInt32[]","System.Diagnostics.Eventing.Reader.EventBookmark","Information","Info",,"System.Collections.ObjectModel.ReadOnlyCollection`1[System.String]","System.Collections.Generic.List`1[System.Diagnostics.Eventing.Reader.EventProperty]"
"ScDeviceEnum service started.","103","0",,"4","0","0","-9223372036854775808","72","Microsoft-Windows-SmartCard-DeviceEnum","aaeac398-3028-487c-9586-44eacad03637","Microsoft-Windows-SmartCard-DeviceEnum/Operational","864","2964","jkshyperv","S-1-5-18","6/15/2020 7:47:53 PM",,,"c:\windows\system32\winevt\logs\microsoft-windows-smartcard-deviceenum%4operational.evtx","System.UInt32[]","System.Diagnostics.Eventing.Reader.EventBookmark","Information","Info",,"System.Collections.ObjectModel.ReadOnlyCollection`1[System.String]","System.Collections.Generic.List`1[System.Diagnostics.Eventing.Reader.EventProperty]"
"Created node SWD\ScDeviceEnumBus\1 on session 0.","101","0",,"4","0","0","-9223372036854775808","71","Microsoft-Windows-SmartCard-DeviceEnum","aaeac398-3028-487c-9586-44eacad03637","Microsoft-Windows-SmartCard-DeviceEnum/Operational","864","1176","jkshyperv","S-1-5-18","6/15/2020 7:47:53 PM",,,"c:\windows\system32\winevt\logs\microsoft-windows-smartcard-deviceenum%4operational.evtx","System.UInt32[]","System.Diagnostics.Eventing.Reader.EventBookmark","Information","Info",,"System.Collections.ObjectModel.ReadOnlyCollection`1[System.String]","System.Collections.Generic.List`1[System.Diagnostics.Eventing.Reader.EventProperty]"
"Created node SWD\ScDeviceEnumBus\0 on session 0.","101","0",,"4","0","0","-9223372036854775808","70","Microsoft-Windows-SmartCard-DeviceEnum","aaeac398-3028-487c-9586-44eacad03637","Microsoft-Windows-SmartCard-DeviceEnum/Operational","864","1128","jkshyperv","S-1-5-18","6/15/2020 7:47:53 PM",,,"c:\windows\system32\winevt\logs\microsoft-windows-smartcard-deviceenum%4operational.evtx","System.UInt32[]","System.Diagnostics.Eventing.Reader.EventBookmark","Information","Info",,"System.Collections.ObjectModel.ReadOnlyCollection`1[System.String]","System.Collections.Generic.List`1[System.Diagnostics.Eventing.Reader.EventProperty]"
"ScDeviceEnum service started.","103","0",,"4","0","0","-9223372036854775808","69","Microsoft-Windows-SmartCard-DeviceEnum","aaeac398-3028-487c-9586-44eacad03637","Microsoft-Windows-SmartCard-DeviceEnum/Operational","784","1212","jkshyperv","S-1-5-18","6/15/2020 7:44:15 PM",,,"c:\windows\system32\winevt\logs\microsoft-windows-smartcard-deviceenum%4operational.evtx","System.UInt32[]","System.Diagnostics.Eventing.Reader.EventBookmark","Information","Info",,"System.Collections.ObjectModel.ReadOnlyCollection`1[System.String]","System.Collections.Generic.List`1[System.Diagnostics.Eventing.Reader.EventProperty]"
"Created node SWD\ScDeviceEnumBus\1 on session 0.","101","0",,"4","0","0","-9223372036854775808","68","Microsoft-Windows-SmartCard-DeviceEnum","aaeac398-3028-487c-9586-44eacad03637","Microsoft-Windows-SmartCard-DeviceEnum/Operational","784","1120","jkshyperv","S-1-5-18","6/15/2020 7:44:15 PM",,,"c:\windows\system32\winevt\logs\microsoft-windows-smartcard-deviceenum%4operational.evtx","System.UInt32[]","System.Diagnostics.Eventing.Reader.EventBookmark","Information","Info",,"System.Collections.ObjectModel.ReadOnlyCollection`1[System.String]","System.Collections.Generic.List`1[System.Diagnostics.Eventing.Reader.EventProperty]"
"Created node SWD\ScDeviceEnumBus\0 on session 0.","101","0",,"4","0","0","-9223372036854775808","67","Microsoft-Windows-SmartCard-DeviceEnum","aaeac398-3028-487c-9586-44eacad03637","Microsoft-Windows-SmartCard-DeviceEnum/Operational","784","1120","jkshyperv","S-1-5-18","6/15/2020 7:44:15 PM",,,"c:\windows\system32\winevt\logs\microsoft-windows-smartcard-deviceenum%4operational.evtx","System.UInt32[]","System.Diagnostics.Eventing.Reader.EventBookmark","Information","Info",,"System.Collections.ObjectModel.ReadOnlyCollection`1[System.String]","System.Collections.Generic.List`1[System.Diagnostics.Eventing.Reader.EventProperty]"
"ScDeviceEnum service stopped.","104","0",,"4","0","0","-9223372036854775808","66","Microsoft-Windows-SmartCard-DeviceEnum","aaeac398-3028-487c-9586-44eacad03637","Microsoft-Windows-SmartCard-DeviceEnum/Operational","784","2012","jkshyperv","S-1-5-18","6/15/2020 7:43:24 PM",,,"c:\windows\system32\winevt\logs\microsoft-windows-smartcard-deviceenum%4operational.evtx","System.UInt32[]","System.Diagnostics.Eventing.Reader.EventBookmark","Information","Info",,"System.Collections.ObjectModel.ReadOnlyCollection`1[System.String]","System.Collections.Generic.List`1[System.Diagnostics.Eventing.Reader.EventProperty]"
"ScDeviceEnum service started.","103","0",,"4","0","0","-9223372036854775808","65","Microsoft-Windows-SmartCard-DeviceEnum","aaeac398-3028-487c-9586-44eacad03637","Microsoft-Windows-SmartCard-DeviceEnum/Operational","784","3692","jkshyperv","S-1-5-18","6/15/2020 7:33:26 PM",,,"c:\windows\system32\winevt\logs\microsoft-windows-smartcard-deviceenum%4operational.evtx","System.UInt32[]","System.Diagnostics.Eventing.Reader.EventBookmark","Information","Info",,"System.Collections.ObjectModel.ReadOnlyCollection`1[System.String]","System.Collections.Generic.List`1[System.Diagnostics.Eventing.Reader.EventProperty]"
"Created node SWD\ScDeviceEnumBus\1 on session 0.","101","0",,"4","0","0","-9223372036854775808","64","Microsoft-Windows-SmartCard-DeviceEnum","aaeac398-3028-487c-9586-44eacad03637","Microsoft-Windows-SmartCard-DeviceEnum/Operational","784","1116","jkshyperv","S-1-5-18","6/15/2020 7:33:26 PM",,,"c:\windows\system32\winevt\logs\microsoft-windows-smartcard-deviceenum%4operational.evtx","System.UInt32[]","System.Diagnostics.Eventing.Reader.EventBookmark","Information","Info",,"System.Collections.ObjectModel.ReadOnlyCollection`1[System.String]","System.Collections.Generic.List`1[System.Diagnostics.Eventing.Reader.EventProperty]"
"Created node SWD\ScDeviceEnumBus\0 on session 0.","101","0",,"4","0","0","-9223372036854775808","63","Microsoft-Windows-SmartCard-DeviceEnum","aaeac398-3028-487c-9586-44eacad03637","Microsoft-Windows-SmartCard-DeviceEnum/Operational","784","1176","jkshyperv","S-1-5-18","6/15/2020 7:33:26 PM",,,"c:\windows\system32\winevt\logs\microsoft-windows-smartcard-deviceenum%4operational.evtx","System.UInt32[]","System.Diagnostics.Eventing.Reader.EventBookmark","Information","Info",,"System.Collections.ObjectModel.ReadOnlyCollection`1[System.String]","System.Collections.Generic.List`1[System.Diagnostics.Eventing.Reader.EventProperty]"
"ScDeviceEnum service started.","103","0",,"4","0","0","-9223372036854775808","62","Microsoft-Windows-SmartCard-DeviceEnum","aaeac398-3028-487c-9586-44eacad03637","Microsoft-Windows-SmartCard-DeviceEnum/Operational","468","2980","jkshyperv","S-1-5-18","6/15/2020 7:22:24 PM",,,"c:\windows\system32\winevt\logs\microsoft-windows-smartcard-deviceenum%4operational.evtx","System.UInt32[]","System.Diagnostics.Eventing.Reader.EventBookmark","Information","Info",,"System.Collections.ObjectModel.ReadOnlyCollection`1[System.String]","System.Collections.Generic.List`1[System.Diagnostics.Eventing.Reader.EventProperty]"
"Created node SWD\ScDeviceEnumBus\1 on session 0.","101","0",,"4","0","0","-9223372036854775808","61","Microsoft-Windows-SmartCard-DeviceEnum","aaeac398-3028-487c-9586-44eacad03637","Microsoft-Windows-SmartCard-DeviceEnum/Operational","468","1084","jkshyperv","S-1-5-18","6/15/2020 7:22:24 PM",,,"c:\windows\system32\winevt\logs\microsoft-windows-smartcard-deviceenum%4operational.evtx","System.UInt32[]","System.Diagnostics.Eventing.Reader.EventBookmark","Information","Info",,"System.Collections.ObjectModel.ReadOnlyCollection`1[System.String]","System.Collections.Generic.List`1[System.Diagnostics.Eventing.Reader.EventProperty]"
"Created node SWD\ScDeviceEnumBus\0 on session 0.","101","0",,"4","0","0","-9223372036854775808","60","Microsoft-Windows-SmartCard-DeviceEnum","aaeac398-3028-487c-9586-44eacad03637","Microsoft-Windows-SmartCard-DeviceEnum/Operational","468","1084","jkshyperv","S-1-5-18","6/15/2020 7:22:24 PM",,,"c:\windows\system32\winevt\logs\microsoft-windows-smartcard-deviceenum%4operational.evtx","System.UInt32[]","System.Diagnostics.Eventing.Reader.EventBookmark","Information","Info",,"System.Collections.ObjectModel.ReadOnlyCollection`1[System.String]","System.Collections.Generic.List`1[System.Diagnostics.Eventing.Reader.EventProperty]"
"ScDeviceEnum service started.","103","0",,"4","0","0","-9223372036854775808","59","Microsoft-Windows-SmartCard-DeviceEnum","aaeac398-3028-487c-9586-44eacad03637","Microsoft-Windows-SmartCard-DeviceEnum/Operational","468","3084","jkshyperv","S-1-5-18","6/12/2020 10:55:04 AM",,,"c:\windows\system32\winevt\logs\microsoft-windows-smartcard-deviceenum%4operational.evtx","System.UInt32[]","System.Diagnostics.Eventing.Reader.EventBookmark","Information","Info",,"System.Collections.ObjectModel.ReadOnlyCollection`1[System.String]","System.Collections.Generic.List`1[System.Diagnostics.Eventing.Reader.EventProperty]"
"Created node SWD\ScDeviceEnumBus\1 on session 0.","101","0",,"4","0","0","-9223372036854775808","58","Microsoft-Windows-SmartCard-DeviceEnum","aaeac398-3028-487c-9586-44eacad03637","Microsoft-Windows-SmartCard-DeviceEnum/Operational","468","2236","jkshyperv","S-1-5-18","6/12/2020 10:55:04 AM",,,"c:\windows\system32\winevt\logs\microsoft-windows-smartcard-deviceenum%4operational.evtx","System.UInt32[]","System.Diagnostics.Eventing.Reader.EventBookmark","Information","Info",,"System.Collections.ObjectModel.ReadOnlyCollection`1[System.String]","System.Collections.Generic.List`1[System.Diagnostics.Eventing.Reader.EventProperty]"
"Created node SWD\ScDeviceEnumBus\0 on session 0.","101","0",,"4","0","0","-9223372036854775808","57","Microsoft-Windows-SmartCard-DeviceEnum","aaeac398-3028-487c-9586-44eacad03637","Microsoft-Windows-SmartCard-DeviceEnum/Operational","468","1784","jkshyperv","S-1-5-18","6/12/2020 10:55:04 AM",,,"c:\windows\system32\winevt\logs\microsoft-windows-smartcard-deviceenum%4operational.evtx","System.UInt32[]","System.Diagnostics.Eventing.Reader.EventBookmark","Information","Info",,"System.Collections.ObjectModel.ReadOnlyCollection`1[System.String]","System.Collections.Generic.List`1[System.Diagnostics.Eventing.Reader.EventProperty]"
"ScDeviceEnum service started.","103","0",,"4","0","0","-9223372036854775808","56","Microsoft-Windows-SmartCard-DeviceEnum","aaeac398-3028-487c-9586-44eacad03637","Microsoft-Windows-SmartCard-DeviceEnum/Operational","524","3668","udayHypervTest3","S-1-5-18","9/7/2018 12:33:19 PM",,,"c:\windows\system32\winevt\logs\microsoft-windows-smartcard-deviceenum%4operational.evtx","System.UInt32[]","System.Diagnostics.Eventing.Reader.EventBookmark","Information","Info",,"System.Collections.ObjectModel.ReadOnlyCollection`1[System.String]","System.Collections.Generic.List`1[System.Diagnostics.Eventing.Reader.EventProperty]"
"Created node SWD\ScDeviceEnumBus\1 on session 0.","101","0",,"4","0","0","-9223372036854775808","55","Microsoft-Windows-SmartCard-DeviceEnum","aaeac398-3028-487c-9586-44eacad03637","Microsoft-Windows-SmartCard-DeviceEnum/Operational","524","1784","udayHypervTest3","S-1-5-18","9/7/2018 12:33:19 PM",,,"c:\windows\system32\winevt\logs\microsoft-windows-smartcard-deviceenum%4operational.evtx","System.UInt32[]","System.Diagnostics.Eventing.Reader.EventBookmark","Information","Info",,"System.Collections.ObjectModel.ReadOnlyCollection`1[System.String]","System.Collections.Generic.List`1[System.Diagnostics.Eventing.Reader.EventProperty]"
"Created node SWD\ScDeviceEnumBus\0 on session 0.","101","0",,"4","0","0","-9223372036854775808","54","Microsoft-Windows-SmartCard-DeviceEnum","aaeac398-3028-487c-9586-44eacad03637","Microsoft-Windows-SmartCard-DeviceEnum/Operational","524","1744","udayHypervTest3","S-1-5-18","9/7/2018 12:33:19 PM",,,"c:\windows\system32\winevt\logs\microsoft-windows-smartcard-deviceenum%4operational.evtx","System.UInt32[]","System.Diagnostics.Eventing.Reader.EventBookmark","Information","Info",,"System.Collections.ObjectModel.ReadOnlyCollection`1[System.String]","System.Collections.Generic.List`1[System.Diagnostics.Eventing.Reader.EventProperty]"
"ScDeviceEnum service started.","103","0",,"4","0","0","-9223372036854775808","53","Microsoft-Windows-SmartCard-DeviceEnum","aaeac398-3028-487c-9586-44eacad03637","Microsoft-Windows-SmartCard-DeviceEnum/Operational","528","3800","udayHypervTest3.rubrik-lab.com","S-1-5-18","9/7/2018 12:31:19 PM",,,"c:\windows\system32\winevt\logs\microsoft-windows-smartcard-deviceenum%4operational.evtx","System.UInt32[]","System.Diagnostics.Eventing.Reader.EventBookmark","Information","Info",,"System.Collections.ObjectModel.ReadOnlyCollection`1[System.String]","System.Collections.Generic.List`1[System.Diagnostics.Eventing.Reader.EventProperty]"
"Created node SWD\ScDeviceEnumBus\1 on session 0.","101","0",,"4","0","0","-9223372036854775808","52","Microsoft-Windows-SmartCard-DeviceEnum","aaeac398-3028-487c-9586-44eacad03637","Microsoft-Windows-SmartCard-DeviceEnum/Operational","528","1880","udayHypervTest3.rubrik-lab.com","S-1-5-18","9/7/2018 12:31:19 PM",,,"c:\windows\system32\winevt\logs\microsoft-windows-smartcard-deviceenum%4operational.evtx","System.UInt32[]","System.Diagnostics.Eventing.Reader.EventBookmark","Information","Info",,"System.Collections.ObjectModel.ReadOnlyCollection`1[System.String]","System.Collections.Generic.List`1[System.Diagnostics.Eventing.Reader.EventProperty]"
"Created node SWD\ScDeviceEnumBus\0 on session 0.","101","0",,"4","0","0","-9223372036854775808","51","Microsoft-Windows-SmartCard-DeviceEnum","aaeac398-3028-487c-9586-44eacad03637","Microsoft-Windows-SmartCard-DeviceEnum/Operational","528","1880","udayHypervTest3.rubrik-lab.com","S-1-5-18","9/7/2018 12:31:19 PM",,,"c:\windows\system32\winevt\logs\microsoft-windows-smartcard-deviceenum%4operational.evtx","System.UInt32[]","System.Diagnostics.Eventing.Reader.EventBookmark","Information","Info",,"System.Collections.ObjectModel.ReadOnlyCollection`1[System.String]","System.Collections.Generic.List`1[System.Diagnostics.Eventing.Reader.EventProperty]"
"ScDeviceEnum service stopped.","104","0",,"4","0","0","-9223372036854775808","50","Microsoft-Windows-SmartCard-DeviceEnum","aaeac398-3028-487c-9586-44eacad03637","Microsoft-Windows-SmartCard-DeviceEnum/Operational","492","1496","udayHypervTest3.rubrik-lab.com","S-1-5-18","9/7/2018 12:30:21 PM",,,"c:\windows\system32\winevt\logs\microsoft-windows-smartcard-deviceenum%4operational.evtx","System.UInt32[]","System.Diagnostics.Eventing.Reader.EventBookmark","Information","Info",,"System.Collections.ObjectModel.ReadOnlyCollection`1[System.String]","System.Collections.Generic.List`1[System.Diagnostics.Eventing.Reader.EventProperty]"
"ScDeviceEnum service started.","103","0",,"4","0","0","-9223372036854775808","49","Microsoft-Windows-SmartCard-DeviceEnum","aaeac398-3028-487c-9586-44eacad03637","Microsoft-Windows-SmartCard-DeviceEnum/Operational","492","772","udayHypervTest3.rubrik-lab.com","S-1-5-18","9/7/2018 12:25:53 PM",,,"c:\windows\system32\winevt\logs\microsoft-windows-smartcard-deviceenum%4operational.evtx","System.UInt32[]","System.Diagnostics.Eventing.Reader.EventBookmark","Information","Info",,"System.Collections.ObjectModel.ReadOnlyCollection`1[System.String]","System.Collections.Generic.List`1[System.Diagnostics.Eventing.Reader.EventProperty]"
"Created node SWD\ScDeviceEnumBus\1 on session 0.","101","0",,"4","0","0","-9223372036854775808","48","Microsoft-Windows-SmartCard-DeviceEnum","aaeac398-3028-487c-9586-44eacad03637","Microsoft-Windows-SmartCard-DeviceEnum/Operational","492","596","udayHypervTest3.rubrik-lab.com","S-1-5-18","9/7/2018 12:25:53 PM",,,"c:\windows\system32\winevt\logs\microsoft-windows-smartcard-deviceenum%4operational.evtx","System.UInt32[]","System.Diagnostics.Eventing.Reader.EventBookmark","Information","Info",,"System.Collections.ObjectModel.ReadOnlyCollection`1[System.String]","System.Collections.Generic.List`1[System.Diagnostics.Eventing.Reader.EventProperty]"
"Created node SWD\ScDeviceEnumBus\0 on session 0.","101","0",,"4","0","0","-9223372036854775808","47","Microsoft-Windows-SmartCard-DeviceEnum","aaeac398-3028-487c-9586-44eacad03637","Microsoft-Windows-SmartCard-DeviceEnum/Operational","492","436","udayHypervTest3.rubrik-lab.com","S-1-5-18","9/7/2018 12:25:53 PM",,,"c:\windows\system32\winevt\logs\microsoft-windows-smartcard-deviceenum%4operational.evtx","System.UInt32[]","System.Diagnostics.Eventing.Reader.EventBookmark","Information","Info",,"System.Collections.ObjectModel.ReadOnlyCollection`1[System.String]","System.Collections.Generic.List`1[System.Diagnostics.Eventing.Reader.EventProperty]"
"ScDeviceEnum service started.","103","0",,"4","0","0","-9223372036854775808","46","Microsoft-Windows-SmartCard-DeviceEnum","aaeac398-3028-487c-9586-44eacad03637","Microsoft-Windows-SmartCard-DeviceEnum/Operational","468","3708","udayHypervTest3.rubrik-lab.com","S-1-5-18","9/7/2018 12:03:05 PM",,,"c:\windows\system32\winevt\logs\microsoft-windows-smartcard-deviceenum%4operational.evtx","System.UInt32[]","System.Diagnostics.Eventing.Reader.EventBookmark","Information","Info",,"System.Collections.ObjectModel.ReadOnlyCollection`1[System.String]","System.Collections.Generic.List`1[System.Diagnostics.Eventing.Reader.EventProperty]"
"Created node SWD\ScDeviceEnumBus\1 on session 0.","101","0",,"4","0","0","-9223372036854775808","45","Microsoft-Windows-SmartCard-DeviceEnum","aaeac398-3028-487c-9586-44eacad03637","Microsoft-Windows-SmartCard-DeviceEnum/Operational","468","856","udayHypervTest3.rubrik-lab.com","S-1-5-18","9/7/2018 12:03:05 PM",,,"c:\windows\system32\winevt\logs\microsoft-windows-smartcard-deviceenum%4operational.evtx","System.UInt32[]","System.Diagnostics.Eventing.Reader.EventBookmark","Information","Info",,"System.Collections.ObjectModel.ReadOnlyCollection`1[System.String]","System.Collections.Generic.List`1[System.Diagnostics.Eventing.Reader.EventProperty]"
"Created node SWD\ScDeviceEnumBus\0 on session 0.","101","0",,"4","0","0","-9223372036854775808","44","Microsoft-Windows-SmartCard-DeviceEnum","aaeac398-3028-487c-9586-44eacad03637","Microsoft-Windows-SmartCard-DeviceEnum/Operational","468","1876","udayHypervTest3.rubrik-lab.com","S-1-5-18","9/7/2018 12:03:05 PM",,,"c:\windows\system32\winevt\logs\microsoft-windows-smartcard-deviceenum%4operational.evtx","System.UInt32[]","System.Diagnostics.Eventing.Reader.EventBookmark","Information","Info",,"System.Collections.ObjectModel.ReadOnlyCollection`1[System.String]","System.Collections.Generic.List`1[System.Diagnostics.Eventing.Reader.EventProperty]"
"ScDeviceEnum service stopped.","104","0",,"4","0","0","-9223372036854775808","43","Microsoft-Windows-SmartCard-DeviceEnum","aaeac398-3028-487c-9586-44eacad03637","Microsoft-Windows-SmartCard-DeviceEnum/Operational","456","516","udayHypervTest3.rubrik-lab.com","S-1-5-18","8/29/2018 4:02:07 PM",,,"c:\windows\system32\winevt\logs\microsoft-windows-smartcard-deviceenum%4operational.evtx","System.UInt32[]","System.Diagnostics.Eventing.Reader.EventBookmark","Information","Info",,"System.Collections.ObjectModel.ReadOnlyCollection`1[System.String]","System.Collections.Generic.List`1[System.Diagnostics.Eventing.Reader.EventProperty]"
"ScDeviceEnum service started.","103","0",,"4","0","0","-9223372036854775808","42","Microsoft-Windows-SmartCard-DeviceEnum","aaeac398-3028-487c-9586-44eacad03637","Microsoft-Windows-SmartCard-DeviceEnum/Operational","456","3764","udayHypervTest3.rubrik-lab.com","S-1-5-18","8/29/2018 3:50:19 PM",,,"c:\windows\system32\winevt\logs\microsoft-windows-smartcard-deviceenum%4operational.evtx","System.UInt32[]","System.Diagnostics.Eventing.Reader.EventBookmark","Information","Info",,"System.Collections.ObjectModel.ReadOnlyCollection`1[System.String]","System.Collections.Generic.List`1[System.Diagnostics.Eventing.Reader.EventProperty]"
"Created node SWD\ScDeviceEnumBus\1 on session 0.","101","0",,"4","0","0","-9223372036854775808","41","Microsoft-Windows-SmartCard-DeviceEnum","aaeac398-3028-487c-9586-44eacad03637","Microsoft-Windows-SmartCard-DeviceEnum/Operational","456","512","udayHypervTest3.rubrik-lab.com","S-1-5-18","8/29/2018 3:50:19 PM",,,"c:\windows\system32\winevt\logs\microsoft-windows-smartcard-deviceenum%4operational.evtx","System.UInt32[]","System.Diagnostics.Eventing.Reader.EventBookmark","Information","Info",,"System.Collections.ObjectModel.ReadOnlyCollection`1[System.String]","System.Collections.Generic.List`1[System.Diagnostics.Eventing.Reader.EventProperty]"
"Created node SWD\ScDeviceEnumBus\0 on session 0.","101","0",,"4","0","0","-9223372036854775808","40","Microsoft-Windows-SmartCard-DeviceEnum","aaeac398-3028-487c-9586-44eacad03637","Microsoft-Windows-SmartCard-DeviceEnum/Operational","456","736","udayHypervTest3.rubrik-lab.com","S-1-5-18","8/29/2018 3:50:19 PM",,,"c:\windows\system32\winevt\logs\microsoft-windows-smartcard-deviceenum%4operational.evtx","System.UInt32[]","System.Diagnostics.Eventing.Reader.EventBookmark","Information","Info",,"System.Collections.ObjectModel.ReadOnlyCollection`1[System.String]","System.Collections.Generic.List`1[System.Diagnostics.Eventing.Reader.EventProperty]"
"ScDeviceEnum service started.","103","0",,"4","0","0","-9223372036854775808","39","Microsoft-Windows-SmartCard-DeviceEnum","aaeac398-3028-487c-9586-44eacad03637","Microsoft-Windows-SmartCard-DeviceEnum/Operational","92","1224","udayHypervClusterTest.rubrik-lab.com","S-1-5-18","8/29/2018 2:09:03 PM",,,"c:\windows\system32\winevt\logs\microsoft-windows-smartcard-deviceenum%4operational.evtx","System.UInt32[]","System.Diagnostics.Eventing.Reader.EventBookmark","Information","Info",,"System.Collections.ObjectModel.ReadOnlyCollection`1[System.String]","System.Collections.Generic.List`1[System.Diagnostics.Eventing.Reader.EventProperty]"
"Created node SWD\ScDeviceEnumBus\1 on session 0.","101","0",,"4","0","0","-9223372036854775808","38","Microsoft-Windows-SmartCard-DeviceEnum","aaeac398-3028-487c-9586-44eacad03637","Microsoft-Windows-SmartCard-DeviceEnum/Operational","92","544","udayHypervClusterTest.rubrik-lab.com","S-1-5-18","8/29/2018 2:09:03 PM",,,"c:\windows\system32\winevt\logs\microsoft-windows-smartcard-deviceenum%4operational.evtx","System.UInt32[]","System.Diagnostics.Eventing.Reader.EventBookmark","Information","Info",,"System.Collections.ObjectModel.ReadOnlyCollection`1[System.String]","System.Collections.Generic.List`1[System.Diagnostics.Eventing.Reader.EventProperty]"
"Created node SWD\ScDeviceEnumBus\0 on session 0.","101","0",,"4","0","0","-9223372036854775808","37","Microsoft-Windows-SmartCard-DeviceEnum","aaeac398-3028-487c-9586-44eacad03637","Microsoft-Windows-SmartCard-DeviceEnum/Operational","92","544","udayHypervClusterTest.rubrik-lab.com","S-1-5-18","8/29/2018 2:09:03 PM",,,"c:\windows\system32\winevt\logs\microsoft-windows-smartcard-deviceenum%4operational.evtx","System.UInt32[]","System.Diagnostics.Eventing.Reader.EventBookmark","Information","Info",,"System.Collections.ObjectModel.ReadOnlyCollection`1[System.String]","System.Collections.Generic.List`1[System.Diagnostics.Eventing.Reader.EventProperty]"
"ScDeviceEnum service started.","103","0",,"4","0","0","-9223372036854775808","36","Microsoft-Windows-SmartCard-DeviceEnum","aaeac398-3028-487c-9586-44eacad03637","Microsoft-Windows-SmartCard-DeviceEnum/Operational","968","3640","udayHypervClusterTest","S-1-5-18","8/29/2018 1:05:54 PM",,,"c:\windows\system32\winevt\logs\microsoft-windows-smartcard-deviceenum%4operational.evtx","System.UInt32[]","System.Diagnostics.Eventing.Reader.EventBookmark","Information","Info",,"System.Collections.ObjectModel.ReadOnlyCollection`1[System.String]","System.Collections.Generic.List`1[System.Diagnostics.Eventing.Reader.EventProperty]"
"Created node SWD\ScDeviceEnumBus\1 on session 0.","101","0",,"4","0","0","-9223372036854775808","35","Microsoft-Windows-SmartCard-DeviceEnum","aaeac398-3028-487c-9586-44eacad03637","Microsoft-Windows-SmartCard-DeviceEnum/Operational","968","844","udayHypervClusterTest","S-1-5-18","8/29/2018 1:05:54 PM",,,"c:\windows\system32\winevt\logs\microsoft-windows-smartcard-deviceenum%4operational.evtx","System.UInt32[]","System.Diagnostics.Eventing.Reader.EventBookmark","Information","Info",,"System.Collections.ObjectModel.ReadOnlyCollection`1[System.String]","System.Collections.Generic.List`1[System.Diagnostics.Eventing.Reader.EventProperty]"
"Created node SWD\ScDeviceEnumBus\0 on session 0.","101","0",,"4","0","0","-9223372036854775808","34","Microsoft-Windows-SmartCard-DeviceEnum","aaeac398-3028-487c-9586-44eacad03637","Microsoft-Windows-SmartCard-DeviceEnum/Operational","968","844","udayHypervClusterTest","S-1-5-18","8/29/2018 1:05:54 PM",,,"c:\windows\system32\winevt\logs\microsoft-windows-smartcard-deviceenum%4operational.evtx","System.UInt32[]","System.Diagnostics.Eventing.Reader.EventBookmark","Information","Info",,"System.Collections.ObjectModel.ReadOnlyCollection`1[System.String]","System.Collections.Generic.List`1[System.Diagnostics.Eventing.Reader.EventProperty]"
"ScDeviceEnum service started.","103","0",,"4","0","0","-9223372036854775808","33","Microsoft-Windows-SmartCard-DeviceEnum","aaeac398-3028-487c-9586-44eacad03637","Microsoft-Windows-SmartCard-DeviceEnum/Operational","1020","3644","jks-hyperv","S-1-5-18","8/29/2018 12:57:36 PM",,,"c:\windows\system32\winevt\logs\microsoft-windows-smartcard-deviceenum%4operational.evtx","System.UInt32[]","System.Diagnostics.Eventing.Reader.EventBookmark","Information","Info",,"System.Collections.ObjectModel.ReadOnlyCollection`1[System.String]","System.Collections.Generic.List`1[System.Diagnostics.Eventing.Reader.EventProperty]"
"Created node SWD\ScDeviceEnumBus\1 on session 0.","101","0",,"4","0","0","-9223372036854775808","32","Microsoft-Windows-SmartCard-DeviceEnum","aaeac398-3028-487c-9586-44eacad03637","Microsoft-Windows-SmartCard-DeviceEnum/Operational","1020","748","jks-hyperv","S-1-5-18","8/29/2018 12:57:36 PM",,,"c:\windows\system32\winevt\logs\microsoft-windows-smartcard-deviceenum%4operational.evtx","System.UInt32[]","System.Diagnostics.Eventing.Reader.EventBookmark","Information","Info",,"System.Collections.ObjectModel.ReadOnlyCollection`1[System.String]","System.Collections.Generic.List`1[System.Diagnostics.Eventing.Reader.EventProperty]"
"Created node SWD\ScDeviceEnumBus\0 on session 0.","101","0",,"4","0","0","-9223372036854775808","31","Microsoft-Windows-SmartCard-DeviceEnum","aaeac398-3028-487c-9586-44eacad03637","Microsoft-Windows-SmartCard-DeviceEnum/Operational","1020","3208","jks-hyperv","S-1-5-18","8/29/2018 12:57:36 PM",,,"c:\windows\system32\winevt\logs\microsoft-windows-smartcard-deviceenum%4operational.evtx","System.UInt32[]","System.Diagnostics.Eventing.Reader.EventBookmark","Information","Info",,"System.Collections.ObjectModel.ReadOnlyCollection`1[System.String]","System.Collections.Generic.List`1[System.Diagnostics.Eventing.Reader.EventProperty]"
"ScDeviceEnum service started.","103","0",,"4","0","0","-9223372036854775808","30","Microsoft-Windows-SmartCard-DeviceEnum","aaeac398-3028-487c-9586-44eacad03637","Microsoft-Windows-SmartCard-DeviceEnum/Operational","1008","4168","jks-hyperv-st-1.rubrik-lab.com","S-1-5-18","8/17/2017 5:20:30 PM",,,"c:\windows\system32\winevt\logs\microsoft-windows-smartcard-deviceenum%4operational.evtx","System.UInt32[]","System.Diagnostics.Eventing.Reader.EventBookmark","Information","Info",,"System.Collections.ObjectModel.ReadOnlyCollection`1[System.String]","System.Collections.Generic.List`1[System.Diagnostics.Eventing.Reader.EventProperty]"
"Created node SWD\ScDeviceEnumBus\1 on session 0.","101","0",,"4","0","0","-9223372036854775808","29","Microsoft-Windows-SmartCard-DeviceEnum","aaeac398-3028-487c-9586-44eacad03637","Microsoft-Windows-SmartCard-DeviceEnum/Operational","1008","1612","jks-hyperv-st-1.rubrik-lab.com","S-1-5-18","8/17/2017 5:20:30 PM",,,"c:\windows\system32\winevt\logs\microsoft-windows-smartcard-deviceenum%4operational.evtx","System.UInt32[]","System.Diagnostics.Eventing.Reader.EventBookmark","Information","Info",,"System.Collections.ObjectModel.ReadOnlyCollection`1[System.String]","System.Collections.Generic.List`1[System.Diagnostics.Eventing.Reader.EventProperty]"
"Created node SWD\ScDeviceEnumBus\0 on session 0.","101","0",,"4","0","0","-9223372036854775808","28","Microsoft-Windows-SmartCard-DeviceEnum","aaeac398-3028-487c-9586-44eacad03637","Microsoft-Windows-SmartCard-DeviceEnum/Operational","1008","1612","jks-hyperv-st-1.rubrik-lab.com","S-1-5-18","8/17/2017 5:20:30 PM",,,"c:\windows\system32\winevt\logs\microsoft-windows-smartcard-deviceenum%4operational.evtx","System.UInt32[]","System.Diagnostics.Eventing.Reader.EventBookmark","Information","Info",,"System.Collections.ObjectModel.ReadOnlyCollection`1[System.String]","System.Collections.Generic.List`1[System.Diagnostics.Eventing.Reader.EventProperty]"
"ScDeviceEnum service stopped.","104","0",,"4","0","0","-9223372036854775808","27","Microsoft-Windows-SmartCard-DeviceEnum","aaeac398-3028-487c-9586-44eacad03637","Microsoft-Windows-SmartCard-DeviceEnum/Operational","1008","1612","jks-hyperv-st-1.rubrik-lab.com","S-1-5-18","8/17/2017 5:18:59 PM",,,"c:\windows\system32\winevt\logs\microsoft-windows-smartcard-deviceenum%4operational.evtx","System.UInt32[]","System.Diagnostics.Eventing.Reader.EventBookmark","Information","Info",,"System.Collections.ObjectModel.ReadOnlyCollection`1[System.String]","System.Collections.Generic.List`1[System.Diagnostics.Eventing.Reader.EventProperty]"
"ScDeviceEnum service started.","103","0",,"4","0","0","-9223372036854775808","26","Microsoft-Windows-SmartCard-DeviceEnum","aaeac398-3028-487c-9586-44eacad03637","Microsoft-Windows-SmartCard-DeviceEnum/Operational","1008","3908","jks-hyperv-st-1.rubrik-lab.com","S-1-5-18","8/17/2017 5:17:29 PM",,,"c:\windows\system32\winevt\logs\microsoft-windows-smartcard-deviceenum%4operational.evtx","System.UInt32[]","System.Diagnostics.Eventing.Reader.EventBookmark","Information","Info",,"System.Collections.ObjectModel.ReadOnlyCollection`1[System.String]","System.Collections.Generic.List`1[System.Diagnostics.Eventing.Reader.EventProperty]"
"Created node SWD\ScDeviceEnumBus\1 on session 0.","101","0",,"4","0","0","-9223372036854775808","25","Microsoft-Windows-SmartCard-DeviceEnum","aaeac398-3028-487c-9586-44eacad03637","Microsoft-Windows-SmartCard-DeviceEnum/Operational","1008","1032","jks-hyperv-st-1.rubrik-lab.com","S-1-5-18","8/17/2017 5:17:29 PM",,,"c:\windows\system32\winevt\logs\microsoft-windows-smartcard-deviceenum%4operational.evtx","System.UInt32[]","System.Diagnostics.Eventing.Reader.EventBookmark","Information","Info",,"System.Collections.ObjectModel.ReadOnlyCollection`1[System.String]","System.Collections.Generic.List`1[System.Diagnostics.Eventing.Reader.EventProperty]"
"Created node SWD\ScDeviceEnumBus\0 on session 0.","101","0",,"4","0","0","-9223372036854775808","24","Microsoft-Windows-SmartCard-DeviceEnum","aaeac398-3028-487c-9586-44eacad03637","Microsoft-Windows-SmartCard-DeviceEnum/Operational","1008","1032","jks-hyperv-st-1.rubrik-lab.com","S-1-5-18","8/17/2017 5:17:29 PM",,,"c:\windows\system32\winevt\logs\microsoft-windows-smartcard-deviceenum%4operational.evtx","System.UInt32[]","System.Diagnostics.Eventing.Reader.EventBookmark","Information","Info",,"System.Collections.ObjectModel.ReadOnlyCollection`1[System.String]","System.Collections.Generic.List`1[System.Diagnostics.Eventing.Reader.EventProperty]"
"ScDeviceEnum service started.","103","0",,"4","0","0","-9223372036854775808","23","Microsoft-Windows-SmartCard-DeviceEnum","aaeac398-3028-487c-9586-44eacad03637","Microsoft-Windows-SmartCard-DeviceEnum/Operational","1004","3824","jks-hyperv-1.rubrik-lab.com","S-1-5-18","8/17/2017 5:04:09 PM",,,"c:\windows\system32\winevt\logs\microsoft-windows-smartcard-deviceenum%4operational.evtx","System.UInt32[]","System.Diagnostics.Eventing.Reader.EventBookmark","Information","Info",,"System.Collections.ObjectModel.ReadOnlyCollection`1[System.String]","System.Collections.Generic.List`1[System.Diagnostics.Eventing.Reader.EventProperty]"
"Created node SWD\ScDeviceEnumBus\1 on session 0.","101","0",,"4","0","0","-9223372036854775808","22","Microsoft-Windows-SmartCard-DeviceEnum","aaeac398-3028-487c-9586-44eacad03637","Microsoft-Windows-SmartCard-DeviceEnum/Operational","1004","420","jks-hyperv-1.rubrik-lab.com","S-1-5-18","8/17/2017 5:04:09 PM",,,"c:\windows\system32\winevt\logs\microsoft-windows-smartcard-deviceenum%4operational.evtx","System.UInt32[]","System.Diagnostics.Eventing.Reader.EventBookmark","Information","Info",,"System.Collections.ObjectModel.ReadOnlyCollection`1[System.String]","System.Collections.Generic.List`1[System.Diagnostics.Eventing.Reader.EventProperty]"
"Created node SWD\ScDeviceEnumBus\0 on session 0.","101","0",,"4","0","0","-9223372036854775808","21","Microsoft-Windows-SmartCard-DeviceEnum","aaeac398-3028-487c-9586-44eacad03637","Microsoft-Windows-SmartCard-DeviceEnum/Operational","1004","700","jks-hyperv-1.rubrik-lab.com","S-1-5-18","8/17/2017 5:04:09 PM",,,"c:\windows\system32\winevt\logs\microsoft-windows-smartcard-deviceenum%4operational.evtx","System.UInt32[]","System.Diagnostics.Eventing.Reader.EventBookmark","Information","Info",,"System.Collections.ObjectModel.ReadOnlyCollection`1[System.String]","System.Collections.Generic.List`1[System.Diagnostics.Eventing.Reader.EventProperty]"
"ScDeviceEnum service started.","103","0",,"4","0","0","-9223372036854775808","20","Microsoft-Windows-SmartCard-DeviceEnum","aaeac398-3028-487c-9586-44eacad03637","Microsoft-Windows-SmartCard-DeviceEnum/Operational","1004","4036","jks-hyperv-st-1.rubrik-lab.com","S-1-5-18","8/17/2017 5:00:05 PM",,,"c:\windows\system32\winevt\logs\microsoft-windows-smartcard-deviceenum%4operational.evtx","System.UInt32[]","System.Diagnostics.Eventing.Reader.EventBookmark","Information","Info",,"System.Collections.ObjectModel.ReadOnlyCollection`1[System.String]","System.Collections.Generic.List`1[System.Diagnostics.Eventing.Reader.EventProperty]"
"Created node SWD\ScDeviceEnumBus\1 on session 0.","101","0",,"4","0","0","-9223372036854775808","19","Microsoft-Windows-SmartCard-DeviceEnum","aaeac398-3028-487c-9586-44eacad03637","Microsoft-Windows-SmartCard-DeviceEnum/Operational","1004","4324","jks-hyperv-st-1.rubrik-lab.com","S-1-5-18","8/17/2017 5:00:05 PM",,,"c:\windows\system32\winevt\logs\microsoft-windows-smartcard-deviceenum%4operational.evtx","System.UInt32[]","System.Diagnostics.Eventing.Reader.EventBookmark","Information","Info",,"System.Collections.ObjectModel.ReadOnlyCollection`1[System.String]","System.Collections.Generic.List`1[System.Diagnostics.Eventing.Reader.EventProperty]"
"Created node SWD\ScDeviceEnumBus\0 on session 0.","101","0",,"4","0","0","-9223372036854775808","18","Microsoft-Windows-SmartCard-DeviceEnum","aaeac398-3028-487c-9586-44eacad03637","Microsoft-Windows-SmartCard-DeviceEnum/Operational","1004","4324","jks-hyperv-st-1.rubrik-lab.com","S-1-5-18","8/17/2017 5:00:05 PM",,,"c:\windows\system32\winevt\logs\microsoft-windows-smartcard-deviceenum%4operational.evtx","System.UInt32[]","System.Diagnostics.Eventing.Reader.EventBookmark","Information","Info",,"System.Collections.ObjectModel.ReadOnlyCollection`1[System.String]","System.Collections.Generic.List`1[System.Diagnostics.Eventing.Reader.EventProperty]"
"ScDeviceEnum service stopped.","104","0",,"4","0","0","-9223372036854775808","17","Microsoft-Windows-SmartCard-DeviceEnum","aaeac398-3028-487c-9586-44eacad03637","Microsoft-Windows-SmartCard-DeviceEnum/Operational","1004","4324","jks-hyperv-st-1.rubrik-lab.com","S-1-5-18","8/17/2017 4:57:57 PM",,,"c:\windows\system32\winevt\logs\microsoft-windows-smartcard-deviceenum%4operational.evtx","System.UInt32[]","System.Diagnostics.Eventing.Reader.EventBookmark","Information","Info",,"System.Collections.ObjectModel.ReadOnlyCollection`1[System.String]","System.Collections.Generic.List`1[System.Diagnostics.Eventing.Reader.EventProperty]"
"ScDeviceEnum service started.","103","0",,"4","0","0","-9223372036854775808","16","Microsoft-Windows-SmartCard-DeviceEnum","aaeac398-3028-487c-9586-44eacad03637","Microsoft-Windows-SmartCard-DeviceEnum/Operational","1004","2808","jks-hyperv-st-1.rubrik-lab.com","S-1-5-18","8/17/2017 4:43:05 PM",,,"c:\windows\system32\winevt\logs\microsoft-windows-smartcard-deviceenum%4operational.evtx","System.UInt32[]","System.Diagnostics.Eventing.Reader.EventBookmark","Information","Info",,"System.Collections.ObjectModel.ReadOnlyCollection`1[System.String]","System.Collections.Generic.List`1[System.Diagnostics.Eventing.Reader.EventProperty]"
"Created node SWD\ScDeviceEnumBus\1 on session 0.","101","0",,"4","0","0","-9223372036854775808","15","Microsoft-Windows-SmartCard-DeviceEnum","aaeac398-3028-487c-9586-44eacad03637","Microsoft-Windows-SmartCard-DeviceEnum/Operational","1004","3952","jks-hyperv-st-1.rubrik-lab.com","S-1-5-18","8/17/2017 4:43:05 PM",,,"c:\windows\system32\winevt\logs\microsoft-windows-smartcard-deviceenum%4operational.evtx","System.UInt32[]","System.Diagnostics.Eventing.Reader.EventBookmark","Information","Info",,"System.Collections.ObjectModel.ReadOnlyCollection`1[System.String]","System.Collections.Generic.List`1[System.Diagnostics.Eventing.Reader.EventProperty]"
"Created node SWD\ScDeviceEnumBus\0 on session 0.","101","0",,"4","0","0","-9223372036854775808","14","Microsoft-Windows-SmartCard-DeviceEnum","aaeac398-3028-487c-9586-44eacad03637","Microsoft-Windows-SmartCard-DeviceEnum/Operational","1004","1040","jks-hyperv-st-1.rubrik-lab.com","S-1-5-18","8/17/2017 4:43:05 PM",,,"c:\windows\system32\winevt\logs\microsoft-windows-smartcard-deviceenum%4operational.evtx","System.UInt32[]","System.Diagnostics.Eventing.Reader.EventBookmark","Information","Info",,"System.Collections.ObjectModel.ReadOnlyCollection`1[System.String]","System.Collections.Generic.List`1[System.Diagnostics.Eventing.Reader.EventProperty]"
"ScDeviceEnum service started.","103","0",,"4","0","0","-9223372036854775808","13","Microsoft-Windows-SmartCard-DeviceEnum","aaeac398-3028-487c-9586-44eacad03637","Microsoft-Windows-SmartCard-DeviceEnum/Operational","1000","3984","jks-hyperv-st-1.rubrik-lab.com","S-1-5-18","8/16/2017 2:56:23 PM",,,"c:\windows\system32\winevt\logs\microsoft-windows-smartcard-deviceenum%4operational.evtx","System.UInt32[]","System.Diagnostics.Eventing.Reader.EventBookmark","Information","Info",,"System.Collections.ObjectModel.ReadOnlyCollection`1[System.String]","System.Collections.Generic.List`1[System.Diagnostics.Eventing.Reader.EventProperty]"
"Created node SWD\ScDeviceEnumBus\1 on session 0.","101","0",,"4","0","0","-9223372036854775808","12","Microsoft-Windows-SmartCard-DeviceEnum","aaeac398-3028-487c-9586-44eacad03637","Microsoft-Windows-SmartCard-DeviceEnum/Operational","1000","348","jks-hyperv-st-1.rubrik-lab.com","S-1-5-18","8/16/2017 2:56:23 PM",,,"c:\windows\system32\winevt\logs\microsoft-windows-smartcard-deviceenum%4operational.evtx","System.UInt32[]","System.Diagnostics.Eventing.Reader.EventBookmark","Information","Info",,"System.Collections.ObjectModel.ReadOnlyCollection`1[System.String]","System.Collections.Generic.List`1[System.Diagnostics.Eventing.Reader.EventProperty]"
"Created node SWD\ScDeviceEnumBus\0 on session 0.","101","0",,"4","0","0","-9223372036854775808","11","Microsoft-Windows-SmartCard-DeviceEnum","aaeac398-3028-487c-9586-44eacad03637","Microsoft-Windows-SmartCard-DeviceEnum/Operational","1000","336","jks-hyperv-st-1.rubrik-lab.com","S-1-5-18","8/16/2017 2:56:23 PM",,,"c:\windows\system32\winevt\logs\microsoft-windows-smartcard-deviceenum%4operational.evtx","System.UInt32[]","System.Diagnostics.Eventing.Reader.EventBookmark","Information","Info",,"System.Collections.ObjectModel.ReadOnlyCollection`1[System.String]","System.Collections.Generic.List`1[System.Diagnostics.Eventing.Reader.EventProperty]"
"ScDeviceEnum service stopped.","104","0",,"4","0","0","-9223372036854775808","10","Microsoft-Windows-SmartCard-DeviceEnum","aaeac398-3028-487c-9586-44eacad03637","Microsoft-Windows-SmartCard-DeviceEnum/Operational","960","1016","WIN-1MFMEBFT4EK","S-1-5-18","8/16/2017 2:52:35 PM",,,"c:\windows\system32\winevt\logs\microsoft-windows-smartcard-deviceenum%4operational.evtx","System.UInt32[]","System.Diagnostics.Eventing.Reader.EventBookmark","Information","Info",,"System.Collections.ObjectModel.ReadOnlyCollection`1[System.String]","System.Collections.Generic.List`1[System.Diagnostics.Eventing.Reader.EventProperty]"
"ScDeviceEnum service started.","103","0",,"4","0","0","-9223372036854775808","9","Microsoft-Windows-SmartCard-DeviceEnum","aaeac398-3028-487c-9586-44eacad03637","Microsoft-Windows-SmartCard-DeviceEnum/Operational","960","584","WIN-1MFMEBFT4EK","S-1-5-18","8/16/2017 2:47:50 PM",,,"c:\windows\system32\winevt\logs\microsoft-windows-smartcard-deviceenum%4operational.evtx","System.UInt32[]","System.Diagnostics.Eventing.Reader.EventBookmark","Information","Info",,"System.Collections.ObjectModel.ReadOnlyCollection`1[System.String]","System.Collections.Generic.List`1[System.Diagnostics.Eventing.Reader.EventProperty]"
"Created node SWD\ScDeviceEnumBus\1 on session 0.","101","0",,"4","0","0","-9223372036854775808","8","Microsoft-Windows-SmartCard-DeviceEnum","aaeac398-3028-487c-9586-44eacad03637","Microsoft-Windows-SmartCard-DeviceEnum/Operational","960","1728","WIN-1MFMEBFT4EK","S-1-5-18","8/16/2017 2:47:50 PM",,,"c:\windows\system32\winevt\logs\microsoft-windows-smartcard-deviceenum%4operational.evtx","System.UInt32[]","System.Diagnostics.Eventing.Reader.EventBookmark","Information","Info",,"System.Collections.ObjectModel.ReadOnlyCollection`1[System.String]","System.Collections.Generic.List`1[System.Diagnostics.Eventing.Reader.EventProperty]"
"Created node SWD\ScDeviceEnumBus\0 on session 0.","101","0",,"4","0","0","-9223372036854775808","7","Microsoft-Windows-SmartCard-DeviceEnum","aaeac398-3028-487c-9586-44eacad03637","Microsoft-Windows-SmartCard-DeviceEnum/Operational","960","1728","WIN-1MFMEBFT4EK","S-1-5-18","8/16/2017 2:47:50 PM",,,"c:\windows\system32\winevt\logs\microsoft-windows-smartcard-deviceenum%4operational.evtx","System.UInt32[]","System.Diagnostics.Eventing.Reader.EventBookmark","Information","Info",,"System.Collections.ObjectModel.ReadOnlyCollection`1[System.String]","System.Collections.Generic.List`1[System.Diagnostics.Eventing.Reader.EventProperty]"
"ScDeviceEnum service started.","103","0",,"4","0","0","-9223372036854775808","6","Microsoft-Windows-SmartCard-DeviceEnum","aaeac398-3028-487c-9586-44eacad03637","Microsoft-Windows-SmartCard-DeviceEnum/Operational","992","3720","WIN-1MFMEBFT4EK","S-1-5-18","7/13/2017 5:20:45 PM",,,"c:\windows\system32\winevt\logs\microsoft-windows-smartcard-deviceenum%4operational.evtx","System.UInt32[]","System.Diagnostics.Eventing.Reader.EventBookmark","Information","Info",,"System.Collections.ObjectModel.ReadOnlyCollection`1[System.String]","System.Collections.Generic.List`1[System.Diagnostics.Eventing.Reader.EventProperty]"
"Created node SWD\ScDeviceEnumBus\1 on session 0.","101","0",,"4","0","0","-9223372036854775808","5","Microsoft-Windows-SmartCard-DeviceEnum","aaeac398-3028-487c-9586-44eacad03637","Microsoft-Windows-SmartCard-DeviceEnum/Operational","992","84","WIN-1MFMEBFT4EK","S-1-5-18","7/13/2017 5:20:45 PM",,,"c:\windows\system32\winevt\logs\microsoft-windows-smartcard-deviceenum%4operational.evtx","System.UInt32[]","System.Diagnostics.Eventing.Reader.EventBookmark","Information","Info",,"System.Collections.ObjectModel.ReadOnlyCollection`1[System.String]","System.Collections.Generic.List`1[System.Diagnostics.Eventing.Reader.EventProperty]"
"Created node SWD\ScDeviceEnumBus\0 on session 0.","101","0",,"4","0","0","-9223372036854775808","4","Microsoft-Windows-SmartCard-DeviceEnum","aaeac398-3028-487c-9586-44eacad03637","Microsoft-Windows-SmartCard-DeviceEnum/Operational","992","84","WIN-1MFMEBFT4EK","S-1-5-18","7/13/2017 5:20:45 PM",,,"c:\windows\system32\winevt\logs\microsoft-windows-smartcard-deviceenum%4operational.evtx","System.UInt32[]","System.Diagnostics.Eventing.Reader.EventBookmark","Information","Info",,"System.Collections.ObjectModel.ReadOnlyCollection`1[System.String]","System.Collections.Generic.List`1[System.Diagnostics.Eventing.Reader.EventProperty]"
"ScDeviceEnum service started.","103","0",,"4","0","0","-9223372036854775808","3","Microsoft-Windows-SmartCard-DeviceEnum","aaeac398-3028-487c-9586-44eacad03637","Microsoft-Windows-SmartCard-DeviceEnum/Operational","896","4584","WIN-1MFMEBFT4EK","S-1-5-18","7/13/2017 5:18:51 PM",,,"c:\windows\system32\winevt\logs\microsoft-windows-smartcard-deviceenum%4operational.evtx","System.UInt32[]","System.Diagnostics.Eventing.Reader.EventBookmark","Information","Info",,"System.Collections.ObjectModel.ReadOnlyCollection`1[System.String]","System.Collections.Generic.List`1[System.Diagnostics.Eventing.Reader.EventProperty]"
"Created node SWD\ScDeviceEnumBus\1 on session 0.","101","0",,"4","0","0","-9223372036854775808","2","Microsoft-Windows-SmartCard-DeviceEnum","aaeac398-3028-487c-9586-44eacad03637","Microsoft-Windows-SmartCard-DeviceEnum/Operational","896","3816","WIN-1MFMEBFT4EK","S-1-5-18","7/13/2017 5:18:51 PM",,,"c:\windows\system32\winevt\logs\microsoft-windows-smartcard-deviceenum%4operational.evtx","System.UInt32[]","System.Diagnostics.Eventing.Reader.EventBookmark","Information","Info",,"System.Collections.ObjectModel.ReadOnlyCollection`1[System.String]","System.Collections.Generic.List`1[System.Diagnostics.Eventing.Reader.EventProperty]"
"Created node SWD\ScDeviceEnumBus\0 on session 0.","101","0",,"4","0","0","-9223372036854775808","1","Microsoft-Windows-SmartCard-DeviceEnum","aaeac398-3028-487c-9586-44eacad03637","Microsoft-Windows-SmartCard-DeviceEnum/Operational","896","988","WIN-1MFMEBFT4EK","S-1-5-18","7/13/2017 5:18:51 PM",,,"c:\windows\system32\winevt\logs\microsoft-windows-smartcard-deviceenum%4operational.evtx","System.UInt32[]","System.Diagnostics.Eventing.Reader.EventBookmark","Information","Info",,"System.Collections.ObjectModel.ReadOnlyCollection`1[System.String]","System.Collections.Generic.List`1[System.Diagnostics.Eventing.Reader.EventProperty]"
